-- MySQL dump 10.13  Distrib 8.4.5-5, for Linux (x86_64)
--
-- Host: localhost    Database: veteranosbd
-- ------------------------------------------------------
-- Server version	8.4.5-5

/*!40101 SET @OLD_CHARACTER_SET_CLIENT=@@CHARACTER_SET_CLIENT */;
/*!40101 SET @OLD_CHARACTER_SET_RESULTS=@@CHARACTER_SET_RESULTS */;
/*!40101 SET @OLD_COLLATION_CONNECTION=@@COLLATION_CONNECTION */;
/*!50503 SET NAMES utf8mb4 */;
/*!40103 SET @OLD_TIME_ZONE=@@TIME_ZONE */;
/*!40103 SET TIME_ZONE='+00:00' */;
/*!40014 SET @OLD_UNIQUE_CHECKS=@@UNIQUE_CHECKS, UNIQUE_CHECKS=0 */;
/*!40014 SET @OLD_FOREIGN_KEY_CHECKS=@@FOREIGN_KEY_CHECKS, FOREIGN_KEY_CHECKS=0 */;
/*!40101 SET @OLD_SQL_MODE=@@SQL_MODE, SQL_MODE='NO_AUTO_VALUE_ON_ZERO' */;
/*!40111 SET @OLD_SQL_NOTES=@@SQL_NOTES, SQL_NOTES=0 */;
/*!50717 SELECT COUNT(*) INTO @rocksdb_has_p_s_session_variables FROM INFORMATION_SCHEMA.TABLES WHERE TABLE_SCHEMA = 'performance_schema' AND TABLE_NAME = 'session_variables' */;
/*!50717 SET @rocksdb_get_is_supported = IF (@rocksdb_has_p_s_session_variables, 'SELECT COUNT(*) INTO @rocksdb_is_supported FROM performance_schema.session_variables WHERE VARIABLE_NAME=\'rocksdb_bulk_load\'', 'SELECT 0') */;
/*!50717 PREPARE s FROM @rocksdb_get_is_supported */;
/*!50717 EXECUTE s */;
/*!50717 DEALLOCATE PREPARE s */;
/*!50717 SET @rocksdb_enable_bulk_load = IF (@rocksdb_is_supported, 'SET SESSION rocksdb_bulk_load = 1', 'SET @rocksdb_dummy_bulk_load = 0') */;
/*!50717 PREPARE s FROM @rocksdb_enable_bulk_load */;
/*!50717 EXECUTE s */;
/*!50717 DEALLOCATE PREPARE s */;

--
-- Table structure for table `cache`
--

DROP TABLE IF EXISTS `cache`;
/*!40101 SET @saved_cs_client     = @@character_set_client */;
/*!50503 SET character_set_client = utf8mb4 */;
CREATE TABLE `cache` (
  `key` varchar(255) COLLATE utf8mb4_unicode_ci NOT NULL,
  `value` mediumtext COLLATE utf8mb4_unicode_ci NOT NULL,
  `expiration` int NOT NULL,
  PRIMARY KEY (`key`)
) ENGINE=InnoDB DEFAULT CHARSET=utf8mb4 COLLATE=utf8mb4_unicode_ci;
/*!40101 SET character_set_client = @saved_cs_client */;

--
-- Dumping data for table `cache`
--

LOCK TABLES `cache` WRITE;
/*!40000 ALTER TABLE `cache` DISABLE KEYS */;
INSERT INTO `cache` VALUES ('laravel_cache_spatie.permission.cache','a:3:{s:5:\"alias\";a:4:{s:1:\"a\";s:2:\"id\";s:1:\"b\";s:4:\"name\";s:1:\"c\";s:10:\"guard_name\";s:1:\"r\";s:5:\"roles\";}s:11:\"permissions\";a:11:{i:0;a:3:{s:1:\"a\";i:1;s:1:\"b\";s:10:\"ver equipo\";s:1:\"c\";s:3:\"web\";}i:1;a:3:{s:1:\"a\";i:2;s:1:\"b\";s:11:\"ver jugador\";s:1:\"c\";s:3:\"web\";}i:2;a:3:{s:1:\"a\";i:3;s:1:\"b\";s:13:\"crear jugador\";s:1:\"c\";s:3:\"web\";}i:3;a:3:{s:1:\"a\";i:4;s:1:\"b\";s:12:\"crear equipo\";s:1:\"c\";s:3:\"web\";}i:4;a:3:{s:1:\"a\";i:5;s:1:\"b\";s:14:\"editar jugador\";s:1:\"c\";s:3:\"web\";}i:5;a:4:{s:1:\"a\";i:6;s:1:\"b\";s:13:\"administrador\";s:1:\"c\";s:3:\"web\";s:1:\"r\";a:1:{i:0;i:2;}}i:6;a:4:{s:1:\"a\";i:7;s:1:\"b\";s:8:\"comision\";s:1:\"c\";s:3:\"web\";s:1:\"r\";a:2:{i:0;i:2;i:1;i:3;}}i:7;a:4:{s:1:\"a\";i:8;s:1:\"b\";s:7:\"usuario\";s:1:\"c\";s:3:\"web\";s:1:\"r\";a:1:{i:0;i:1;}}i:8;a:4:{s:1:\"a\";i:9;s:1:\"b\";s:8:\"imprimir\";s:1:\"c\";s:3:\"web\";s:1:\"r\";a:1:{i:0;i:3;}}i:9;a:4:{s:1:\"a\";i:10;s:1:\"b\";s:8:\"exportar\";s:1:\"c\";s:3:\"web\";s:1:\"r\";a:1:{i:0;i:3;}}i:10;a:4:{s:1:\"a\";i:11;s:1:\"b\";s:10:\"cargar gol\";s:1:\"c\";s:3:\"web\";s:1:\"r\";a:2:{i:0;i:3;i:1;i:4;}}}s:5:\"roles\";a:4:{i:0;a:3:{s:1:\"a\";i:2;s:1:\"b\";s:13:\"administrador\";s:1:\"c\";s:3:\"web\";}i:1;a:3:{s:1:\"a\";i:3;s:1:\"b\";s:8:\"comision\";s:1:\"c\";s:3:\"web\";}i:2;a:3:{s:1:\"a\";i:1;s:1:\"b\";s:7:\"usuario\";s:1:\"c\";s:3:\"web\";}i:3;a:3:{s:1:\"a\";i:4;s:1:\"b\";s:10:\"planillero\";s:1:\"c\";s:3:\"web\";}}}',1756498841);
/*!40000 ALTER TABLE `cache` ENABLE KEYS */;
UNLOCK TABLES;

--
-- Table structure for table `cache_locks`
--

DROP TABLE IF EXISTS `cache_locks`;
/*!40101 SET @saved_cs_client     = @@character_set_client */;
/*!50503 SET character_set_client = utf8mb4 */;
CREATE TABLE `cache_locks` (
  `key` varchar(255) COLLATE utf8mb4_unicode_ci NOT NULL,
  `owner` varchar(255) COLLATE utf8mb4_unicode_ci NOT NULL,
  `expiration` int NOT NULL,
  PRIMARY KEY (`key`)
) ENGINE=InnoDB DEFAULT CHARSET=utf8mb4 COLLATE=utf8mb4_unicode_ci;
/*!40101 SET character_set_client = @saved_cs_client */;

--
-- Dumping data for table `cache_locks`
--

LOCK TABLES `cache_locks` WRITE;
/*!40000 ALTER TABLE `cache_locks` DISABLE KEYS */;
/*!40000 ALTER TABLE `cache_locks` ENABLE KEYS */;
UNLOCK TABLES;

--
-- Table structure for table `campeonato_equipo`
--

DROP TABLE IF EXISTS `campeonato_equipo`;
/*!40101 SET @saved_cs_client     = @@character_set_client */;
/*!50503 SET character_set_client = utf8mb4 */;
CREATE TABLE `campeonato_equipo` (
  `id` bigint unsigned NOT NULL AUTO_INCREMENT,
  `campeonato_id` bigint unsigned NOT NULL,
  `equipo_id` bigint unsigned NOT NULL,
  `grupo_id` bigint unsigned DEFAULT NULL,
  `created_at` timestamp NULL DEFAULT NULL,
  `updated_at` timestamp NULL DEFAULT NULL,
  PRIMARY KEY (`id`),
  KEY `campeonato_equipo_campeonato_id_foreign` (`campeonato_id`),
  KEY `campeonato_equipo_equipo_id_foreign` (`equipo_id`),
  KEY `campeonato_equipo_grupo_id_foreign` (`grupo_id`),
  CONSTRAINT `campeonato_equipo_campeonato_id_foreign` FOREIGN KEY (`campeonato_id`) REFERENCES `campeonatos` (`id`) ON DELETE CASCADE,
  CONSTRAINT `campeonato_equipo_equipo_id_foreign` FOREIGN KEY (`equipo_id`) REFERENCES `equipos` (`id`) ON DELETE CASCADE,
  CONSTRAINT `campeonato_equipo_grupo_id_foreign` FOREIGN KEY (`grupo_id`) REFERENCES `grupos` (`id`) ON DELETE SET NULL
) ENGINE=InnoDB AUTO_INCREMENT=33 DEFAULT CHARSET=utf8mb4 COLLATE=utf8mb4_unicode_ci;
/*!40101 SET character_set_client = @saved_cs_client */;

--
-- Dumping data for table `campeonato_equipo`
--

LOCK TABLES `campeonato_equipo` WRITE;
/*!40000 ALTER TABLE `campeonato_equipo` DISABLE KEYS */;
INSERT INTO `campeonato_equipo` VALUES (1,1,1,NULL,'2025-06-24 18:54:01','2025-06-24 18:54:01'),(2,1,2,NULL,'2025-06-24 18:54:01','2025-06-24 18:54:01'),(3,1,3,NULL,'2025-06-24 18:54:01','2025-06-24 18:54:01'),(4,1,4,NULL,'2025-06-24 18:54:01','2025-06-24 18:54:01'),(5,1,5,NULL,'2025-06-24 18:54:02','2025-06-24 18:54:02'),(6,1,6,NULL,'2025-06-24 18:54:02','2025-06-24 18:54:02'),(7,1,7,NULL,'2025-06-24 18:54:02','2025-06-24 18:54:02'),(8,1,8,NULL,'2025-06-24 18:54:02','2025-06-24 18:54:02'),(9,1,9,NULL,'2025-06-24 18:54:02','2025-06-24 18:54:02'),(10,1,10,NULL,'2025-06-24 18:54:02','2025-06-24 18:54:02'),(11,1,11,NULL,'2025-06-24 18:54:02','2025-06-24 18:54:02'),(12,1,12,NULL,'2025-06-24 18:54:02','2025-06-24 18:54:02'),(13,1,13,NULL,'2025-06-24 18:54:02','2025-06-24 18:54:02'),(14,1,14,NULL,'2025-06-24 18:54:02','2025-06-24 18:54:02'),(15,1,15,NULL,'2025-06-24 18:54:02','2025-06-24 18:54:02'),(16,1,16,NULL,'2025-06-24 18:54:02','2025-06-24 18:54:02'),(17,1,17,NULL,'2025-06-24 18:54:02','2025-06-24 18:54:02'),(18,1,18,NULL,'2025-06-24 18:54:02','2025-06-24 18:54:02'),(19,1,19,NULL,'2025-06-24 18:54:02','2025-06-24 18:54:02'),(20,1,20,NULL,'2025-06-24 18:54:02','2025-06-24 18:54:02'),(21,1,21,NULL,'2025-06-24 18:54:02','2025-06-24 18:54:02'),(22,1,22,NULL,'2025-06-24 18:54:02','2025-06-24 18:54:02'),(23,1,23,NULL,'2025-06-24 18:54:02','2025-06-24 18:54:02'),(24,1,24,NULL,'2025-06-24 18:54:02','2025-06-24 18:54:02'),(25,1,25,NULL,'2025-06-24 18:54:02','2025-06-24 18:54:02'),(26,1,26,NULL,'2025-06-24 18:54:02','2025-06-24 18:54:02'),(27,1,27,NULL,'2025-06-24 18:54:02','2025-06-24 18:54:02'),(28,1,28,NULL,'2025-06-24 18:54:02','2025-06-24 18:54:02'),(29,1,29,NULL,'2025-06-24 18:54:02','2025-06-24 18:54:02'),(30,1,30,NULL,'2025-06-24 18:54:02','2025-06-24 18:54:02');
/*!40000 ALTER TABLE `campeonato_equipo` ENABLE KEYS */;
UNLOCK TABLES;

--
-- Table structure for table `campeonatos`
--

DROP TABLE IF EXISTS `campeonatos`;
/*!40101 SET @saved_cs_client     = @@character_set_client */;
/*!50503 SET character_set_client = utf8mb4 */;
CREATE TABLE `campeonatos` (
  `id` bigint unsigned NOT NULL AUTO_INCREMENT,
  `nombre` varchar(255) COLLATE utf8mb4_unicode_ci NOT NULL,
  `formato` enum('eliminacion_simple','eliminacion_doble','grupos','todos_contra_todos') COLLATE utf8mb4_unicode_ci NOT NULL DEFAULT 'todos_contra_todos',
  `cantidad_equipos_grupo` int DEFAULT NULL,
  `cantidad_grupos` bigint unsigned NOT NULL,
  `categoria_id` bigint unsigned NOT NULL,
  `puntos_ganado` tinyint unsigned NOT NULL DEFAULT '3',
  `puntos_empatado` tinyint unsigned NOT NULL DEFAULT '1',
  `puntos_perdido` tinyint unsigned NOT NULL DEFAULT '0',
  `status` enum('fase_de_grupos','eliminacion_directa','todos_contra_todos') COLLATE utf8mb4_unicode_ci NOT NULL DEFAULT 'todos_contra_todos',
  `created_at` timestamp NULL DEFAULT NULL,
  `updated_at` timestamp NULL DEFAULT NULL,
  `puntos_tarjeta_amarilla` int NOT NULL DEFAULT '-1',
  `puntos_doble_amarilla` int NOT NULL DEFAULT '-3',
  `puntos_tarjeta_roja` int NOT NULL DEFAULT '-5',
  PRIMARY KEY (`id`)
) ENGINE=InnoDB AUTO_INCREMENT=4 DEFAULT CHARSET=utf8mb4 COLLATE=utf8mb4_unicode_ci;
/*!40101 SET character_set_client = @saved_cs_client */;

--
-- Dumping data for table `campeonatos`
--

LOCK TABLES `campeonatos` WRITE;
/*!40000 ALTER TABLE `campeonatos` DISABLE KEYS */;
INSERT INTO `campeonatos` VALUES (1,'OSVALDO CHALITO GOMEZ','todos_contra_todos',NULL,1,1,2,1,0,'todos_contra_todos','2025-06-24 18:53:50','2025-06-24 18:53:50',0,0,0);
/*!40000 ALTER TABLE `campeonatos` ENABLE KEYS */;
UNLOCK TABLES;

--
-- Table structure for table `canchas`
--

DROP TABLE IF EXISTS `canchas`;
/*!40101 SET @saved_cs_client     = @@character_set_client */;
/*!50503 SET character_set_client = utf8mb4 */;
CREATE TABLE `canchas` (
  `id` bigint unsigned NOT NULL AUTO_INCREMENT,
  `nombre` varchar(255) COLLATE utf8mb4_unicode_ci NOT NULL,
  `direccion` varchar(255) COLLATE utf8mb4_unicode_ci DEFAULT NULL,
  `ciudad` varchar(255) COLLATE utf8mb4_unicode_ci DEFAULT NULL,
  `created_at` timestamp NULL DEFAULT NULL,
  `updated_at` timestamp NULL DEFAULT NULL,
  PRIMARY KEY (`id`),
  UNIQUE KEY `canchas_nombre_unique` (`nombre`)
) ENGINE=InnoDB AUTO_INCREMENT=19 DEFAULT CHARSET=utf8mb4 COLLATE=utf8mb4_unicode_ci;
/*!40101 SET character_set_client = @saved_cs_client */;

--
-- Dumping data for table `canchas`
--

LOCK TABLES `canchas` WRITE;
/*!40000 ALTER TABLE `canchas` DISABLE KEYS */;
INSERT INTO `canchas` VALUES (3,'PEPE SAND','complejo yacuzzi','bella vista',NULL,NULL),(4,'MORALES','complejo yacuzzi','bella vista',NULL,NULL),(5,'COLISEO','complejo yacuzzi','bella vista',NULL,NULL),(6,'MARADONA','complejo yacuzzi','bella vista',NULL,NULL),(7,'ARENA BV','complejo yacuzzi','bella vista',NULL,NULL),(8,'COMPLEJO','complejo polideportivo','bella vista',NULL,NULL),(9,'SAN MARTIN','san martin y ctes','bella vista',NULL,NULL),(10,'BARRIO NORTE','Salta','bella vista',NULL,NULL),(11,'UNION','ruta 27','bella vista',NULL,NULL),(12,'SAN VICENTE','MISIONES Y AV. BRUZZO','bella vista',NULL,NULL);
/*!40000 ALTER TABLE `canchas` ENABLE KEYS */;
UNLOCK TABLES;

--
-- Table structure for table `categorias`
--

DROP TABLE IF EXISTS `categorias`;
/*!40101 SET @saved_cs_client     = @@character_set_client */;
/*!50503 SET character_set_client = utf8mb4 */;
CREATE TABLE `categorias` (
  `id` bigint unsigned NOT NULL AUTO_INCREMENT,
  `nombre` varchar(255) COLLATE utf8mb4_unicode_ci NOT NULL,
  `descripcion` varchar(255) COLLATE utf8mb4_unicode_ci DEFAULT NULL,
  `created_at` timestamp NULL DEFAULT NULL,
  `updated_at` timestamp NULL DEFAULT NULL,
  PRIMARY KEY (`id`),
  UNIQUE KEY `categorias_nombre_unique` (`nombre`)
) ENGINE=InnoDB AUTO_INCREMENT=4 DEFAULT CHARSET=utf8mb4 COLLATE=utf8mb4_unicode_ci;
/*!40101 SET character_set_client = @saved_cs_client */;

--
-- Dumping data for table `categorias`
--

LOCK TABLES `categorias` WRITE;
/*!40000 ALTER TABLE `categorias` DISABLE KEYS */;
INSERT INTO `categorias` VALUES (1,'Categoría 35',NULL,NULL,NULL),(2,'Categoría 45',NULL,NULL,NULL),(3,'Categoría 55',NULL,NULL,NULL);
/*!40000 ALTER TABLE `categorias` ENABLE KEYS */;
UNLOCK TABLES;

--
-- Table structure for table `criterios_desempates`
--

DROP TABLE IF EXISTS `criterios_desempates`;
/*!40101 SET @saved_cs_client     = @@character_set_client */;
/*!50503 SET character_set_client = utf8mb4 */;
CREATE TABLE `criterios_desempates` (
  `id` bigint unsigned NOT NULL AUTO_INCREMENT,
  `orden` int NOT NULL DEFAULT '0',
  `criterio` varchar(255) COLLATE utf8mb4_unicode_ci NOT NULL,
  `created_at` timestamp NULL DEFAULT NULL,
  `updated_at` timestamp NULL DEFAULT NULL,
  `campeonato_id` bigint unsigned NOT NULL,
  PRIMARY KEY (`id`),
  KEY `criterios_desempates_campeonato_id_foreign` (`campeonato_id`),
  CONSTRAINT `criterios_desempates_campeonato_id_foreign` FOREIGN KEY (`campeonato_id`) REFERENCES `campeonatos` (`id`) ON DELETE CASCADE
) ENGINE=InnoDB AUTO_INCREMENT=13 DEFAULT CHARSET=utf8mb4 COLLATE=utf8mb4_unicode_ci;
/*!40101 SET character_set_client = @saved_cs_client */;

--
-- Dumping data for table `criterios_desempates`
--

LOCK TABLES `criterios_desempates` WRITE;
/*!40000 ALTER TABLE `criterios_desempates` DISABLE KEYS */;
INSERT INTO `criterios_desempates` VALUES (1,0,'puntos','2025-06-24 18:53:50','2025-06-24 18:53:50',1),(2,0,'diferencia_goles','2025-06-24 18:53:50','2025-06-24 18:53:50',1),(3,0,'goles_favor','2025-06-24 18:53:50','2025-06-24 18:53:50',1),(4,0,'fairplay','2025-06-24 18:53:50','2025-06-24 18:53:50',1);
/*!40000 ALTER TABLE `criterios_desempates` ENABLE KEYS */;
UNLOCK TABLES;

--
-- Table structure for table `encuentros`
--

DROP TABLE IF EXISTS `encuentros`;
/*!40101 SET @saved_cs_client     = @@character_set_client */;
/*!50503 SET character_set_client = utf8mb4 */;
CREATE TABLE `encuentros` (
  `id` bigint unsigned NOT NULL AUTO_INCREMENT,
  `grupo_id` bigint unsigned DEFAULT NULL,
  `fecha_encuentro` int NOT NULL,
  `fecha` date NOT NULL,
  `hora` time DEFAULT NULL,
  `cancha_id` bigint unsigned DEFAULT NULL,
  `equipo_local_id` bigint unsigned NOT NULL,
  `equipo_visitante_id` bigint unsigned NOT NULL,
  `gol_local` int NOT NULL DEFAULT '0',
  `gol_visitante` int NOT NULL DEFAULT '0',
  `estado` varchar(255) COLLATE utf8mb4_unicode_ci NOT NULL DEFAULT 'programado',
  `estadio` varchar(255) COLLATE utf8mb4_unicode_ci DEFAULT NULL,
  `created_at` timestamp NULL DEFAULT NULL,
  `updated_at` timestamp NULL DEFAULT NULL,
  `campeonato_id` bigint unsigned NOT NULL,
  PRIMARY KEY (`id`),
  KEY `encuentros_equipo_local_id_foreign` (`equipo_local_id`),
  KEY `encuentros_equipo_visitante_id_foreign` (`equipo_visitante_id`),
  KEY `encuentros_campeonato_id_foreign` (`campeonato_id`),
  KEY `encuentros_cancha_id_foreign` (`cancha_id`),
  KEY `encuentros_grupo_id_foreign` (`grupo_id`),
  CONSTRAINT `encuentros_campeonato_id_foreign` FOREIGN KEY (`campeonato_id`) REFERENCES `campeonatos` (`id`) ON DELETE CASCADE,
  CONSTRAINT `encuentros_cancha_id_foreign` FOREIGN KEY (`cancha_id`) REFERENCES `canchas` (`id`) ON DELETE SET NULL,
  CONSTRAINT `encuentros_equipo_local_id_foreign` FOREIGN KEY (`equipo_local_id`) REFERENCES `equipos` (`id`),
  CONSTRAINT `encuentros_equipo_visitante_id_foreign` FOREIGN KEY (`equipo_visitante_id`) REFERENCES `equipos` (`id`),
  CONSTRAINT `encuentros_grupo_id_foreign` FOREIGN KEY (`grupo_id`) REFERENCES `grupos` (`id`) ON DELETE SET NULL
) ENGINE=InnoDB AUTO_INCREMENT=390 DEFAULT CHARSET=utf8mb4 COLLATE=utf8mb4_unicode_ci;
/*!40101 SET character_set_client = @saved_cs_client */;

--
-- Dumping data for table `encuentros`
--

LOCK TABLES `encuentros` WRITE;
/*!40000 ALTER TABLE `encuentros` DISABLE KEYS */;
INSERT INTO `encuentros` VALUES (2,NULL,8,'2026-04-12','14:30:00',5,4,27,2,3,'Jugado',NULL,'2025-06-24 22:04:58','2025-06-24 22:04:58',1),(3,NULL,16,'2026-06-14','14:00:00',4,22,4,1,0,'Jugado',NULL,'2025-06-11 19:51:00','2025-07-05 22:39:21',1),(8,NULL,16,'2025-06-14','15:30:00',4,18,12,2,0,'Jugado',NULL,'2025-06-11 19:51:00','2025-06-28 20:59:19',1),(9,NULL,16,'2025-06-14','17:00:00',4,17,20,1,2,'Jugado',NULL,'2025-06-11 19:52:00','2025-06-28 21:21:14',1),(10,NULL,16,'2025-06-14','15:30:00',3,13,26,1,2,'Jugado',NULL,'2025-06-11 19:53:00','2025-06-28 21:22:01',1),(11,NULL,16,'2025-06-14','17:00:00',3,5,8,5,0,'Jugado',NULL,'2025-06-11 19:53:00','2025-06-28 21:21:23',1),(12,NULL,16,'2025-06-14','14:00:00',6,21,3,1,0,'Jugado',NULL,'2025-06-11 19:53:00','2025-06-28 20:57:40',1),(13,NULL,16,'2025-06-14','15:30:00',6,24,9,0,0,'Jugado',NULL,'2025-06-11 19:54:00','2025-06-28 21:22:12',1),(14,NULL,16,'2025-06-14','14:00:00',8,14,28,3,2,'Jugado',NULL,'2025-06-11 19:54:00','2025-06-28 20:58:41',1),(15,NULL,16,'2025-06-14','15:30:00',8,19,10,3,3,'Jugado',NULL,'2025-06-11 19:54:00','2025-06-28 21:23:14',1),(16,NULL,16,'2025-06-14','17:00:00',8,16,25,1,2,'Jugado',NULL,'2025-06-11 19:55:00','2025-06-28 21:23:25',1),(17,NULL,16,'2025-06-14','17:00:00',5,2,1,2,0,'Jugado',NULL,'2025-06-11 19:56:00','2025-06-28 20:59:14',1),(18,NULL,16,'2025-06-14','14:00:00',3,6,23,9,2,'Jugado',NULL,'2025-06-13 01:36:00','2025-06-28 21:23:53',1),(19,NULL,16,'2025-06-14','17:00:00',6,11,29,4,0,'Jugado',NULL,'2025-06-13 15:22:00','2025-06-28 21:21:43',1),(20,NULL,16,'2025-06-14','12:30:00',8,7,27,0,3,'Jugado',NULL,'2025-06-13 15:23:00','2025-06-28 20:57:18',1),(21,NULL,15,'2025-06-07','14:15:00',4,5,3,5,0,'Jugado',NULL,'2025-06-06 12:52:00','2025-06-07 20:14:00',1),(22,NULL,15,'2025-06-07','17:30:00',4,13,28,0,0,'Jugado',NULL,'2025-06-06 12:54:00','2025-06-07 21:25:00',1),(23,NULL,15,'2025-06-07','15:30:00',4,9,25,0,2,'Jugado',NULL,'2025-06-06 13:02:00','2025-06-07 20:46:00',1),(24,NULL,15,'2025-06-07','14:15:00',3,14,4,2,0,'Jugado',NULL,'2025-06-06 13:03:00','2025-06-07 21:42:00',1),(25,NULL,15,'2025-06-07','15:30:00',3,17,21,0,3,'Jugado',NULL,'2025-06-06 13:03:00','2025-06-07 21:42:00',1),(26,NULL,15,'2025-06-07','17:30:00',3,6,8,1,0,'Jugado',NULL,'2025-06-06 13:04:00','2025-06-07 21:43:00',1),(27,NULL,15,'2025-06-07','14:15:00',6,7,20,0,1,'Jugado',NULL,'2025-06-06 13:04:00','2025-06-07 20:14:00',1),(28,NULL,15,'2025-06-07','15:30:00',6,16,27,0,3,'Jugado',NULL,'2025-06-06 13:05:00','2025-06-07 20:16:00',1),(29,NULL,15,'2025-06-07','17:30:00',6,18,1,2,0,'Jugado',NULL,'2025-06-06 13:05:00','2025-06-07 20:15:00',1),(30,NULL,15,'2025-06-07','14:15:00',8,22,10,4,2,'Jugado',NULL,'2025-06-06 13:05:00','2025-06-07 20:15:00',1),(31,NULL,15,'2025-06-07','15:30:00',8,11,26,4,1,'Jugado',NULL,'2025-06-06 13:06:00','2025-06-07 20:15:00',1),(32,NULL,15,'2025-06-07','17:30:00',8,29,12,1,4,'Jugado',NULL,'2025-06-06 13:06:00','2025-06-07 21:38:00',1),(33,NULL,15,'2025-06-07','14:15:00',5,2,24,2,2,'Jugado',NULL,'2025-06-06 13:06:00','2025-06-07 20:16:00',1),(34,NULL,15,'2025-06-07','15:30:00',5,19,23,4,1,'Jugado',NULL,'2025-06-06 13:07:00','2025-06-07 20:46:00',1),(35,NULL,14,'2025-05-24','17:30:00',4,18,24,1,1,'Jugado',NULL,'2025-05-21 19:35:00','2025-05-31 21:25:00',1),(36,NULL,14,'2025-05-24','14:15:00',4,19,8,0,5,'Jugado',NULL,'2025-05-21 19:35:00','2025-05-31 21:24:00',1),(37,NULL,14,'2025-05-24','15:30:00',4,7,21,3,2,'Jugado',NULL,'2025-05-21 19:36:00','2025-05-31 21:24:00',1),(38,NULL,14,'2025-05-24','14:16:00',3,2,25,4,0,'Jugado',NULL,'2025-05-21 19:36:00','2025-06-17 13:58:00',1),(39,NULL,14,'2025-05-24','15:30:00',3,6,5,0,1,'Jugado',NULL,'2025-05-21 19:36:00','2025-05-31 20:58:00',1),(40,NULL,14,'2025-05-24','17:00:00',3,22,23,4,0,'Jugado',NULL,'2025-05-21 19:36:00','2025-05-31 20:59:00',1),(41,NULL,14,'2025-05-24','14:15:00',6,14,10,1,3,'Jugado',NULL,'2025-05-21 19:37:00','2025-05-31 20:59:00',1),(42,NULL,14,'2025-05-24','15:30:00',6,11,28,1,1,'Jugado',NULL,'2025-05-21 19:37:00','2025-05-31 21:00:00',1),(43,NULL,14,'2025-05-24','17:00:00',6,29,1,2,0,'Jugado',NULL,'2025-05-21 19:37:00','2025-05-31 21:25:00',1),(44,NULL,14,'2025-05-24','14:15:00',8,13,4,1,3,'Jugado',NULL,'2025-05-21 19:38:00','2025-05-31 21:56:00',1),(45,NULL,14,'2025-05-24','15:30:00',8,9,27,0,3,'Jugado',NULL,'2025-05-21 19:38:00','2025-05-31 22:27:00',1),(46,NULL,14,'2025-05-24','17:00:00',8,16,20,0,2,'Jugado',NULL,'2025-05-21 19:38:00','2025-05-31 21:56:00',1),(47,NULL,14,'2025-05-24','14:15:00',5,17,3,3,0,'Jugado',NULL,'2025-05-21 19:39:00','2025-05-31 22:21:00',1),(48,NULL,14,'2025-05-24','15:30:00',5,12,26,0,0,'Jugado',NULL,'2025-05-21 19:39:00','2025-05-31 22:19:00',1),(49,NULL,13,'2025-05-17','14:15:00',4,11,4,3,0,'Jugado',NULL,'2025-05-16 11:52:00','2025-05-17 21:45:00',1),(50,NULL,13,'2025-05-17','15:30:00',4,2,27,1,1,'Jugado',NULL,'2025-05-16 11:54:00','2025-05-17 21:45:00',1),(51,NULL,13,'2025-05-17','16:40:00',4,13,10,1,2,'Jugado',NULL,'2025-05-16 11:55:00','2025-05-17 21:46:00',1),(52,NULL,13,'2025-05-17','14:15:00',3,12,28,1,3,'Jugado',NULL,'2025-05-16 11:56:00','2025-05-17 21:47:00',1),(53,NULL,13,'2025-05-17','15:30:00',3,7,17,2,0,'Jugado',NULL,'2025-05-16 11:57:00','2025-05-17 21:47:00',1),(54,NULL,13,'2025-05-17','16:40:00',3,18,25,2,0,'Jugado',NULL,'2025-05-16 11:57:00','2025-05-17 21:47:00',1),(55,NULL,13,'2025-05-17','14:15:00',6,22,8,1,7,'Jugado',NULL,'2025-05-16 11:58:00','2025-05-17 21:45:00',1),(56,NULL,13,'2025-05-17','15:30:00',6,29,24,0,2,'Jugado',NULL,'2025-05-16 11:58:00','2025-05-17 21:46:00',1),(57,NULL,13,'2025-05-17','16:40:00',6,26,1,2,0,'Jugado',NULL,'2025-05-16 11:59:00','2025-05-17 21:46:00',1),(58,NULL,13,'2025-05-17','14:15:00',8,6,3,1,0,'Jugado',NULL,'2025-05-16 12:00:00','2025-05-17 21:46:00',1),(59,NULL,13,'2025-05-17','15:30:00',8,14,23,1,0,'Jugado',NULL,'2025-05-16 12:00:00','2025-05-17 21:51:00',1),(60,NULL,13,'2025-05-17','16:40:00',8,19,5,0,3,'Jugado',NULL,'2025-05-16 12:01:00','2025-05-17 21:50:00',1),(61,NULL,13,'2025-05-17','14:15:00',5,9,20,0,0,'Jugado',NULL,'2025-05-16 12:02:00','2025-05-17 21:45:00',1),(62,NULL,13,'2025-05-17','15:30:00',5,16,21,0,3,'Jugado',NULL,'2025-05-16 12:02:00','2025-05-17 21:46:00',1),(63,NULL,12,'2025-05-10','14:15:00',4,7,3,0,0,'Jugado',NULL,'2025-05-07 23:15:00','2025-05-10 20:32:00',1),(64,NULL,12,'2025-05-10','15:30:00',4,14,8,3,0,'Jugado',NULL,'2025-05-07 23:15:00','2025-05-10 21:57:00',1),(65,NULL,12,'2025-05-10','17:00:00',4,26,24,1,2,'Jugado',NULL,'2025-05-07 23:16:00','2025-05-10 21:44:00',1),(66,NULL,12,'2025-05-10','14:14:00',3,13,23,3,0,'Jugado',NULL,'2025-05-07 23:16:00','2025-05-10 21:44:00',1),(67,NULL,12,'2025-05-10','15:30:00',3,2,20,4,1,'Jugado',NULL,'2025-05-07 23:17:00','2025-05-10 22:15:00',1),(68,NULL,12,'2025-05-10','17:00:00',3,16,17,0,3,'Jugado',NULL,'2025-05-07 23:17:00','2025-05-10 21:44:00',1),(69,NULL,12,'2025-05-10','14:16:00',6,12,4,2,0,'Jugado',NULL,'2025-05-07 23:17:00','2025-05-10 20:31:00',1),(70,NULL,12,'2025-05-10','15:30:00',6,19,6,2,2,'Jugado',NULL,'2025-05-07 23:18:00','2025-05-10 20:32:00',1),(71,NULL,12,'2025-05-10','17:31:00',6,11,10,2,0,'Jugado',NULL,'2025-05-07 23:18:00','2025-05-10 21:44:00',1),(72,NULL,12,'2025-05-10','13:30:00',8,29,25,0,3,'Jugado',NULL,'2025-05-07 23:19:00','2025-05-10 20:31:00',1),(73,NULL,12,'2025-05-10','15:00:00',8,9,21,1,4,'Jugado',NULL,'2025-05-08 00:42:00','2025-05-10 20:32:00',1),(74,NULL,12,'2025-05-10','14:15:00',5,22,5,0,2,'Jugado',NULL,'2025-05-08 00:43:00','2025-05-10 20:32:00',1),(75,NULL,12,'2025-05-10','15:30:00',5,18,27,0,0,'Jugado',NULL,'2025-05-08 00:43:00','2025-05-10 20:32:00',1),(76,NULL,12,'2025-05-10','18:00:00',5,28,1,2,0,'Jugado',NULL,'2025-05-10 21:58:00','2025-05-10 21:59:00',1),(77,NULL,11,'2025-05-03','14:30:00',4,18,20,0,3,'Jugado',NULL,'2025-04-30 01:24:00','2025-05-03 20:25:00',1),(78,NULL,11,'2025-05-03','16:00:00',4,2,21,4,2,'Jugado',NULL,'2025-04-30 01:25:00','2025-05-03 20:25:00',1),(79,NULL,11,'2025-05-03','17:30:00',4,9,17,1,2,'Jugado',NULL,'2025-04-30 01:25:00','2025-05-03 21:25:00',1),(80,NULL,11,'2025-05-03','14:30:00',3,19,3,1,1,'Jugado',NULL,'2025-04-30 01:25:00','2025-05-03 20:24:00',1),(81,NULL,11,'2025-05-03','16:00:00',3,22,6,1,7,'Jugado',NULL,'2025-04-30 01:26:00','2025-05-03 20:25:00',1),(82,NULL,11,'2025-05-03','17:30:00',3,28,24,1,1,'Jugado',NULL,'2025-04-30 01:26:00','2025-05-03 21:25:00',1),(83,NULL,11,'2025-05-03','14:30:00',6,14,5,2,4,'Jugado',NULL,'2025-04-30 01:27:00','2025-05-03 20:24:00',1),(84,NULL,11,'2025-05-03','16:00:00',6,29,27,2,2,'Jugado',NULL,'2025-04-30 01:27:00','2025-05-03 20:25:00',1),(85,NULL,11,'2025-05-03','17:30:00',6,26,25,1,2,'Jugado',NULL,'2025-04-30 01:28:00','2025-05-03 21:46:00',1),(86,NULL,11,'2025-05-03','14:30:00',8,12,10,3,2,'Jugado',NULL,'2025-04-30 01:28:00','2025-05-03 22:08:00',1),(87,NULL,11,'2025-05-03','16:00:00',8,13,8,1,2,'Jugado',NULL,'2025-04-30 01:28:00','2025-05-03 22:08:00',1),(88,NULL,11,'2025-05-03','17:30:00',8,16,7,0,1,'Jugado',NULL,'2025-04-30 01:29:00','2025-05-03 22:09:00',1),(89,NULL,11,'2025-05-03','13:30:00',8,11,23,1,0,'Jugado',NULL,'2025-04-30 01:29:00','2025-05-03 22:08:00',1),(90,NULL,11,'2025-05-03','16:00:00',5,15,4,0,2,'Jugado',NULL,'2025-04-30 01:30:00','2025-05-03 20:24:00',1),(91,NULL,10,'2025-04-26','14:23:00',4,14,6,2,2,'Jugado',NULL,'2025-04-25 11:15:00','2025-05-08 20:34:00',1),(92,NULL,10,'2025-04-26','17:00:00',4,16,3,0,0,'Jugado',NULL,'2025-04-25 11:22:00','2025-04-28 13:24:00',1),(93,NULL,10,'2025-04-26','14:30:00',3,26,27,1,0,'Jugado',NULL,'2025-04-25 11:45:00','2025-04-28 13:24:00',1),(94,NULL,10,'2025-04-26','16:00:00',3,11,8,1,1,'Jugado',NULL,'2025-04-25 12:08:00','2025-04-28 13:24:00',1),(95,NULL,10,'2025-04-26','15:45:00',4,13,5,0,2,'Jugado',NULL,'2025-04-25 12:33:00','2025-04-28 13:24:00',1),(96,NULL,10,'2025-04-26','17:15:00',3,12,23,6,0,'Jugado',NULL,'2025-04-25 13:00:00','2025-04-28 13:24:00',1),(97,NULL,10,'2025-04-26','14:30:00',6,24,4,2,0,'Jugado',NULL,'2025-04-25 14:24:00','2025-04-28 13:25:00',1),(98,NULL,10,'2025-04-26','16:00:00',6,21,18,2,0,'Jugado',NULL,'2025-04-25 14:25:00','2025-04-28 13:25:00',1),(99,NULL,10,'2025-04-26','17:30:00',6,9,7,1,5,'Jugado',NULL,'2025-04-25 14:26:00','2025-04-28 13:25:00',1),(100,NULL,10,'2025-04-26','14:30:00',8,28,25,2,1,'Jugado',NULL,'2025-04-25 14:26:00','2025-04-28 13:25:00',1),(101,NULL,10,'2025-04-26','16:00:00',8,17,2,1,1,'Jugado',NULL,'2025-04-25 14:26:00','2025-04-28 13:25:00',1),(102,NULL,10,'2025-04-26','17:30:00',8,29,20,0,1,'Jugado',NULL,'2025-04-25 14:27:00','2025-04-28 13:25:00',1),(103,NULL,10,'2025-04-26','14:30:00',5,15,10,0,2,'Jugado',NULL,'2025-04-25 14:27:00','2025-04-28 13:24:00',1),(104,NULL,10,'2025-04-26','16:00:00',5,22,19,0,3,'Jugado',NULL,'2025-04-25 14:28:00','2025-04-28 13:25:00',1),(105,NULL,9,'2025-04-19','14:30:00',4,4,25,1,0,'Jugado',NULL,'2025-04-25 20:36:00','2025-04-25 21:24:00',1),(106,NULL,9,'2025-04-19','16:00:00',4,15,23,2,0,'Jugado',NULL,'2025-04-25 20:36:00','2025-04-25 21:24:00',1),(107,NULL,9,'2025-04-19','17:30:00',4,18,17,1,2,'Jugado',NULL,'2025-04-25 20:37:00','2025-04-25 21:24:00',1),(108,NULL,9,'2025-04-19','14:30:00',3,11,5,1,0,'Jugado',NULL,'2025-04-25 21:18:00','2025-04-25 21:24:00',1),(109,NULL,9,'2025-04-19','16:00:00',3,2,7,1,2,'Jugado',NULL,'2025-04-25 21:18:00','2025-04-25 21:24:00',1),(110,NULL,9,'2025-04-19','17:30:00',3,29,21,0,1,'Jugado',NULL,'2025-04-25 21:19:00','2025-04-25 21:24:00',1),(111,NULL,9,'2025-04-19','14:30:00',6,22,3,0,2,'Jugado',NULL,'2025-04-25 21:19:00','2025-04-25 21:25:00',1),(112,NULL,9,'2025-04-19','16:00:00',6,28,27,0,2,'Jugado',NULL,'2025-04-25 21:20:00','2025-04-25 21:25:00',1),(113,NULL,9,'2025-04-19','17:30:00',6,13,6,0,0,'Jugado',NULL,'2025-04-25 21:20:00','2025-04-25 21:25:00',1),(114,NULL,9,'2025-04-19','14:30:00',8,14,19,2,1,'Jugado',NULL,'2025-04-25 21:21:00','2025-04-25 21:25:00',1),(115,NULL,9,'2025-04-19','16:00:00',8,24,10,0,1,'Jugado',NULL,'2025-04-25 21:21:00','2025-04-25 21:25:00',1),(116,NULL,9,'2025-04-19','17:30:00',8,12,8,2,4,'Jugado',NULL,'2025-04-25 21:22:00','2025-04-25 21:25:00',1),(117,NULL,9,'2025-04-19','14:30:00',5,9,16,1,1,'Jugado',NULL,'2025-04-25 21:22:00','2025-04-25 21:25:00',1),(118,NULL,9,'2025-04-19','16:00:00',5,26,20,4,1,'Jugado',NULL,'2025-04-25 21:23:00','2025-04-25 21:25:00',1),(119,NULL,8,'2025-04-12','14:30:00',4,26,21,0,2,'Jugado',NULL,'2025-04-25 21:27:00','2025-04-25 21:34:00',1),(120,NULL,8,'2025-04-12','16:00:00',4,13,19,1,0,'Jugado',NULL,'2025-04-25 21:27:00','2025-04-25 21:34:00',1),(121,NULL,8,'2025-04-12','17:30:00',5,12,5,0,0,'Jugado',NULL,'2025-04-25 21:27:00','2025-04-25 21:34:00',1),(122,NULL,8,'2025-04-12','14:30:00',3,11,6,2,1,'Jugado',NULL,'2025-04-25 21:27:00','2025-04-25 21:33:00',1),(123,NULL,8,'2025-04-12','16:00:00',3,18,7,1,1,'Jugado',NULL,'2025-04-25 21:28:00','2025-04-25 21:33:00',1),(124,NULL,8,'2025-04-12','17:30:00',3,28,20,2,0,'Jugado',NULL,'2025-04-25 21:28:00','2025-04-25 21:33:00',1),(125,NULL,8,'2025-04-12','14:30:00',6,2,16,2,0,'Jugado',NULL,'2025-04-25 21:28:00','2025-04-25 21:35:00',1),(126,NULL,8,'2025-04-12','16:00:00',6,25,10,1,1,'Jugado',NULL,'2025-04-25 21:29:00','2025-04-25 21:35:00',1),(127,NULL,8,'2025-04-12','17:30:00',6,29,17,1,2,'Jugado',NULL,'2025-04-25 21:29:00','2025-04-25 21:35:00',1),(128,NULL,8,'2025-04-12','14:30:00',8,9,3,0,1,'Jugado',NULL,'2025-04-25 21:30:00','2025-04-25 21:35:00',1),(129,NULL,8,'2025-04-12','16:00:00',8,14,22,3,2,'Jugado',NULL,'2025-04-25 21:32:00','2025-04-25 21:35:00',1),(130,NULL,8,'2025-04-12','17:30:00',8,24,23,3,0,'Jugado',NULL,'2025-04-25 21:32:00','2025-04-25 21:35:00',1),(131,NULL,8,'2025-04-12','16:00:00',5,15,8,0,2,'Jugado',NULL,'2025-04-25 21:33:00','2025-04-25 21:34:00',1),(132,NULL,7,'2025-04-04','14:30:00',4,29,7,0,5,'Jugado',NULL,'2025-04-25 21:36:00','2025-04-25 21:41:00',1),(133,NULL,7,'2025-04-04','16:00:00',4,26,17,4,1,'Jugado',NULL,'2025-04-25 21:36:00','2025-04-25 21:41:00',1),(134,NULL,7,'2025-04-04','17:30:00',4,27,10,4,1,'Jugado',NULL,'2025-04-25 21:37:00','2025-04-25 21:41:00',1),(135,NULL,7,'2025-04-04','14:29:00',3,14,3,6,1,'Jugado',NULL,'2025-04-25 21:37:00','2025-05-08 22:19:00',1),(136,NULL,7,'2025-04-04','16:00:00',3,2,9,5,0,'Jugado',NULL,'2025-04-25 21:37:00','2025-04-25 21:41:00',1),(137,NULL,7,'2025-04-04','17:30:00',3,13,22,3,1,'Jugado',NULL,'2025-04-25 21:38:00','2025-04-25 21:41:00',1),(138,NULL,7,'2025-04-04','14:30:00',6,24,8,1,1,'Jugado',NULL,'2025-04-25 21:39:00','2025-04-25 21:41:00',1),(139,NULL,7,'2025-04-04','16:00:00',6,15,5,0,8,'Jugado',NULL,'2025-04-25 21:39:00','2025-04-25 21:42:00',1),(140,NULL,7,'2025-04-04','17:30:00',6,12,6,1,2,'Jugado',NULL,'2025-04-25 21:39:00','2025-04-25 21:42:00',1),(141,NULL,7,'2025-04-04','14:30:00',8,4,20,1,1,'Jugado',NULL,'2025-04-25 21:39:00','2025-04-25 21:42:00',1),(142,NULL,7,'2025-04-04','16:00:00',8,11,19,1,0,'Jugado',NULL,'2025-04-25 21:40:00','2025-04-25 21:42:00',1),(143,NULL,7,'2025-04-04','17:30:00',8,18,16,1,0,'Jugado',NULL,'2025-04-25 21:40:00','2025-04-25 21:42:00',1),(144,NULL,7,'2025-04-04','14:30:00',5,25,23,5,2,'Jugado',NULL,'2025-04-25 21:40:00','2025-04-25 21:42:00',1),(145,NULL,7,'2025-04-04','16:00:00',5,28,21,1,2,'Jugado',NULL,'2025-04-25 21:41:00','2025-04-25 21:42:00',1),(146,NULL,6,'2025-03-29','13:45:00',4,12,19,1,0,'Jugado',NULL,'2025-04-25 21:47:00','2025-04-25 21:53:00',1),(147,NULL,6,'2025-03-29','15:00:00',5,6,15,3,1,'Jugado',NULL,'2025-04-25 21:47:00','2025-04-25 21:54:00',1),(148,NULL,6,'2025-03-29','16:30:00',4,24,5,0,2,'Jugado',NULL,'2025-04-25 21:47:00','2025-04-25 21:54:00',1),(149,NULL,6,'2025-03-29','18:00:00',4,25,8,0,3,'Jugado',NULL,'2025-04-25 21:48:00','2025-04-25 21:54:00',1),(150,NULL,6,'2025-03-29','13:45:00',3,4,21,0,2,'Jugado',NULL,'2025-04-25 21:48:00','2025-04-25 21:53:00',1),(151,NULL,6,'2025-03-29','15:00:00',3,18,9,4,2,'Jugado',NULL,'2025-04-25 21:49:00','2025-04-25 21:53:00',1),(152,NULL,6,'2025-03-29','16:30:00',3,28,17,2,0,'Jugado',NULL,'2025-04-25 21:49:00','2025-04-25 21:53:00',1),(153,NULL,6,'2025-03-29','18:00:00',3,29,16,1,9,'Jugado',NULL,'2025-04-25 21:49:00','2025-04-25 21:53:00',1),(154,NULL,6,'2025-03-29','15:00:00',6,11,22,1,0,'Jugado',NULL,'2025-04-25 21:50:00','2025-04-25 21:54:00',1),(155,NULL,6,'2025-03-29','16:30:00',6,10,20,0,1,'Jugado',NULL,'2025-04-25 21:50:00','2025-04-25 21:55:00',1),(156,NULL,6,'2025-03-29','18:00:00',6,27,23,2,0,'Jugado',NULL,'2025-04-25 21:50:00','2025-04-25 21:55:00',1),(157,NULL,6,'2025-03-29','15:00:00',4,2,3,2,1,'Jugado',NULL,'2025-04-25 21:52:00','2025-04-25 21:53:00',1),(158,NULL,6,'2025-03-29','16:30:00',5,13,14,1,0,'Jugado',NULL,'2025-04-25 21:52:00','2025-04-25 21:54:00',1),(159,NULL,6,'2025-03-29','18:00:00',5,26,7,3,0,'Jugado',NULL,'2025-04-25 21:53:00','2025-04-28 23:16:00',1),(160,NULL,5,'2025-03-22','15:00:00',4,11,14,2,0,'Jugado',NULL,'2025-04-25 21:55:00','2025-04-25 22:00:00',1),(161,NULL,5,'2025-03-22','16:30:00',4,12,22,1,2,'Jugado',NULL,'2025-04-25 21:55:00','2025-04-25 22:00:00',1),(162,NULL,5,'2025-03-22','18:00:00',4,26,16,1,0,'Jugado',NULL,'2025-04-25 21:56:00','2025-04-25 22:00:00',1),(163,NULL,5,'2025-03-22','15:00:00',3,27,8,0,2,'Jugado',NULL,'2025-04-25 21:56:00','2025-04-25 22:00:00',1),(164,NULL,5,'2025-03-22','16:30:00',3,23,20,1,2,'Jugado',NULL,'2025-04-25 21:57:00','2025-04-25 22:00:00',1),(165,NULL,5,'2025-03-22','18:00:00',3,15,19,0,4,'Jugado',NULL,'2025-04-25 21:57:00','2025-04-25 22:00:00',1),(166,NULL,5,'2025-03-22','15:00:00',6,4,17,1,0,'Jugado',NULL,'2025-04-25 21:58:00','2025-04-25 22:01:00',1),(167,NULL,5,'2025-03-22','16:30:00',6,28,7,1,0,'Jugado',NULL,'2025-04-25 21:58:00','2025-04-25 22:01:00',1),(168,NULL,5,'2025-03-22','18:00:00',6,25,5,0,1,'Jugado',NULL,'2025-04-25 21:58:00','2025-04-25 22:01:00',1),(169,NULL,5,'2025-03-22','15:00:00',8,18,2,0,2,'Jugado',NULL,'2025-04-25 21:58:00','2025-04-25 22:01:00',1),(170,NULL,5,'2025-03-22','16:30:00',8,13,3,3,2,'Jugado',NULL,'2025-04-25 21:59:00','2025-04-25 22:01:00',1),(171,NULL,5,'2025-03-22','18:00:00',8,10,21,0,2,'Jugado',NULL,'2025-04-25 21:59:00','2025-04-25 22:01:00',1),(172,NULL,5,'2025-03-22','15:00:00',5,29,9,2,2,'Jugado',NULL,'2025-04-25 21:59:00','2025-04-25 22:01:00',1),(173,NULL,5,'2025-03-22','16:30:00',5,24,6,1,3,'Jugado',NULL,'2025-04-25 22:00:00','2025-04-25 22:01:00',1),(174,NULL,4,'2025-03-18','15:00:00',5,1,9,0,2,'Jugado',NULL,'2025-04-28 23:01:00','2025-05-05 12:00:00',1),(175,NULL,4,'2025-03-17','16:30:00',5,1,26,2,0,'Jugado',NULL,'2025-04-28 23:00:00','2025-04-28 23:26:00',1),(176,NULL,4,'2025-03-16','15:10:00',5,1,17,2,0,'Jugado',NULL,'2025-04-28 23:00:00','2025-04-29 11:15:00',1),(177,NULL,4,'2025-03-15','15:00:00',4,29,2,0,2,'Jugado',NULL,'2025-04-25 22:02:00','2025-04-25 22:11:00',1),(178,NULL,4,'2025-03-15','16:30:00',4,18,3,1,0,'Jugado',NULL,'2025-04-25 22:02:00','2025-04-25 22:12:00',1),(179,NULL,4,'2025-03-15','18:00:00',4,20,8,2,2,'Jugado',NULL,'2025-04-25 22:02:00','2025-04-25 22:12:00',1),(180,NULL,4,'2025-03-15','15:00:00',3,4,7,1,2,'Jugado',NULL,'2025-04-25 22:06:00','2025-04-25 22:11:00',1),(181,NULL,4,'2025-03-15','16:30:00',3,25,6,3,3,'Jugado',NULL,'2025-04-25 22:07:00','2025-04-25 22:11:00',1),(182,NULL,4,'2025-03-15','18:00:00',3,12,14,3,4,'Jugado',NULL,'2025-04-25 22:07:00','2025-04-25 22:11:00',1),(183,NULL,4,'2025-03-15','15:00:00',6,24,19,1,0,'Jugado',NULL,'2025-04-25 22:07:00','2025-04-25 22:13:00',1),(184,NULL,4,'2025-03-15','16:30:00',6,27,5,0,2,'Jugado',NULL,'2025-04-25 22:07:00','2025-04-25 22:13:00',1),(185,NULL,4,'2025-03-15','18:00:00',6,23,21,0,0,'Jugado',NULL,'2025-04-25 22:08:00','2025-04-25 22:13:00',1),(186,NULL,4,'2025-03-15','15:00:00',7,11,13,0,0,'Jugado',NULL,'2025-04-25 22:08:00','2025-04-25 22:13:00',1),(187,NULL,4,'2025-03-15','16:30:00',7,28,16,2,2,'Jugado',NULL,'2025-04-25 22:08:00','2025-04-25 22:13:00',1),(188,NULL,4,'2025-03-15','18:00:00',7,30,22,1,2,'Jugado',NULL,'2025-04-25 22:10:00','2025-04-25 22:13:00',1),(189,NULL,4,'2025-03-15','14:00:00',5,1,10,2,0,'Jugado',NULL,'2025-04-28 22:59:00','2025-04-28 23:02:00',1),(190,NULL,3,'2025-03-08','15:00:00',4,4,16,1,0,'Jugado',NULL,'2025-04-25 22:13:00','2025-04-25 22:17:00',1),(191,NULL,3,'2025-03-08','16:30:00',4,25,19,1,0,'Jugado',NULL,'2025-04-25 22:14:00','2025-04-25 22:17:00',1),(192,NULL,3,'2025-03-08','18:00:00',4,10,7,1,0,'Jugado',NULL,'2025-04-25 22:14:00','2025-04-25 22:17:00',1),(193,NULL,3,'2025-03-08','15:00:00',3,8,21,5,1,'Jugado',NULL,'2025-04-25 22:14:00','2025-04-25 22:17:00',1),(194,NULL,3,'2025-03-08','16:30:00',3,28,9,4,2,'Jugado',NULL,'2025-04-25 22:14:00','2025-04-25 22:17:00',1),(195,NULL,3,'2025-03-08','18:00:00',3,24,22,4,0,'Jugado',NULL,'2025-04-25 22:15:00','2025-04-25 22:17:00',1),(196,NULL,3,'2025-03-08','15:00:00',6,11,3,2,1,'Jugado',NULL,'2025-04-25 22:15:00','2025-04-25 22:17:00',1),(197,NULL,3,'2025-03-08','16:30:00',6,23,17,2,3,'Jugado',NULL,'2025-04-25 22:15:00','2025-04-25 22:18:00',1),(198,NULL,3,'2025-03-08','18:00:00',6,12,13,1,3,'Jugado',NULL,'2025-04-25 22:16:00','2025-04-25 22:18:00',1),(199,NULL,3,'2025-03-08','15:00:00',8,27,6,1,0,'Jugado',NULL,'2025-04-25 22:16:00','2025-04-25 22:18:00',1),(200,NULL,3,'2025-03-08','16:30:00',8,20,5,2,0,'Jugado',NULL,'2025-04-25 22:16:00','2025-05-05 12:06:00',1),(201,NULL,3,'2025-03-08','18:00:00',8,29,18,2,0,'Jugado',NULL,'2025-04-25 22:16:00','2025-04-25 22:18:00',1),(202,NULL,3,'2025-03-08','15:00:00',7,26,2,2,2,'Jugado',NULL,'2025-04-25 22:17:00','2025-04-25 22:18:00',1),(203,NULL,3,'2025-03-08','16:30:00',7,30,14,1,2,'Jugado',NULL,'2025-04-25 22:17:00','2025-04-25 22:18:00',1),(204,NULL,2,'2025-03-01','15:00:00',4,24,14,6,3,'Jugado',NULL,'2025-04-25 22:18:00','2025-04-25 22:23:00',1),(205,NULL,2,'2025-03-01','16:30:00',4,25,22,2,1,'Jugado',NULL,'2025-04-25 22:19:00','2025-04-25 22:23:00',1),(206,NULL,2,'2025-03-01','18:00:00',4,21,5,0,3,'Jugado',NULL,'2025-04-25 22:19:00','2025-04-25 22:23:00',1),(207,NULL,2,'2025-03-01','15:00:00',3,29,3,1,3,'Jugado',NULL,'2025-04-25 22:19:00','2025-04-25 22:22:00',1),(208,NULL,2,'2025-03-01','16:30:00',3,20,6,0,2,'Jugado',NULL,'2025-04-25 22:19:00','2025-04-25 22:22:00',1),(209,NULL,2,'2025-03-01','18:00:00',3,12,11,1,2,'Jugado',NULL,'2025-04-25 22:20:00','2025-04-25 22:22:00',1),(210,NULL,2,'2025-03-01','15:00:00',6,26,18,1,1,'Jugado',NULL,'2025-04-25 22:20:00','2025-04-25 22:23:00',1),(211,NULL,2,'2025-03-01','16:30:00',6,30,13,0,3,'Jugado',NULL,'2025-04-25 22:20:00','2025-04-25 22:23:00',1),(212,NULL,2,'2025-03-01','18:00:00',6,28,2,1,1,'Jugado',NULL,'2025-04-25 22:21:00','2025-04-25 22:23:00',1),(213,NULL,2,'2025-03-01','15:00:00',8,23,7,1,3,'Jugado',NULL,'2025-04-25 22:21:00','2025-04-25 22:23:00',1),(214,NULL,2,'2025-03-01','16:30:00',8,27,19,2,2,'Jugado',NULL,'2025-04-25 22:21:00','2025-04-25 22:23:00',1),(215,NULL,2,'2025-03-01','18:00:00',8,10,16,0,1,'Jugado',NULL,'2025-04-25 22:21:00','2025-04-25 22:23:00',1),(216,NULL,2,'2025-03-01','15:00:00',7,4,9,1,0,'Jugado',NULL,'2025-04-25 22:22:00','2025-04-25 22:23:00',1),(217,NULL,2,'2025-03-01','16:30:00',7,8,17,4,0,'Jugado',NULL,'2025-04-25 22:22:00','2025-04-25 22:23:00',1),(218,NULL,1,'2025-02-22','15:00:00',4,12,3,2,1,'Jugado',NULL,'2025-04-25 22:24:00','2025-04-25 22:28:00',1),(219,NULL,1,'2025-02-22','16:30:00',4,26,29,3,1,'Jugado',NULL,'2025-04-25 22:24:00','2025-04-25 22:28:00',1),(220,NULL,1,'2025-02-22','18:00:00',4,30,11,0,2,'Jugado',NULL,'2025-04-25 22:25:00','2025-04-25 22:28:00',1),(221,NULL,1,'2025-02-22','15:00:00',3,4,2,1,3,'Jugado',NULL,'2025-04-25 22:25:00','2025-06-12 23:38:00',1),(222,NULL,1,'2025-02-22','16:30:00',3,28,18,3,0,'Jugado',NULL,'2025-04-25 22:25:00','2025-04-25 22:28:00',1),(223,NULL,1,'2025-02-22','18:00:00',3,24,13,0,0,'Jugado',NULL,'2025-04-25 22:25:00','2025-04-25 22:28:00',1),(224,NULL,1,'2025-02-22','15:00:00',6,25,14,2,0,'Jugado',NULL,'2025-04-25 22:26:00','2025-04-25 22:28:00',1),(225,NULL,1,'2025-02-22','16:30:00',6,10,9,1,0,'Jugado',NULL,'2025-04-25 22:26:00','2025-04-25 22:29:00',1),(226,NULL,1,'2025-02-22','18:00:00',6,27,22,1,0,'Jugado',NULL,'2025-04-25 22:26:00','2025-04-25 22:29:00',1),(227,NULL,1,'2025-02-22','15:00:00',7,21,6,0,0,'Jugado',NULL,'2025-04-25 22:26:00','2025-04-25 22:29:00',1),(228,NULL,1,'2025-02-22','16:30:00',7,5,17,5,2,'Jugado',NULL,'2025-04-25 22:27:00','2025-04-25 22:29:00',1),(229,NULL,1,'2025-02-22','15:00:00',5,20,19,2,3,'Jugado',NULL,'2025-04-25 22:27:00','2025-04-25 22:28:00',1),(230,NULL,1,'2025-02-22','16:30:00',5,23,16,1,3,'Jugado',NULL,'2025-04-25 22:27:00','2025-04-25 22:28:00',1),(231,NULL,1,'2025-02-22','18:00:00',5,8,7,3,2,'Jugado',NULL,'2025-04-25 22:27:00','2025-04-25 22:28:00',1),(234,NULL,17,'2025-07-05','14:00:00',3,16,24,0,0,'Jugado',NULL,'2025-07-03 21:01:02','2025-07-05 21:33:27',1),(235,NULL,17,'2025-07-05','15:30:00',3,17,27,1,0,'Jugado',NULL,'2025-07-03 21:01:29','2025-07-05 21:36:42',1),(236,NULL,17,'2025-07-05','17:00:00',3,7,25,1,1,'Jugado',NULL,'2025-07-03 21:01:52','2025-07-05 21:35:09',1),(237,NULL,17,'2025-07-05','17:00:00',6,14,26,1,2,'Jugado',NULL,'2025-07-03 21:02:40','2025-07-12 22:29:00',1),(238,NULL,17,'2025-07-05','15:30:00',6,5,23,3,0,'Jugado',NULL,'2025-07-03 21:03:02','2025-07-05 21:35:33',1),(239,NULL,17,'2025-07-05','18:30:00',5,9,1,2,0,'Jugado',NULL,'2025-07-03 21:03:31','2025-07-05 21:33:10',1),(240,NULL,17,'2025-07-05','14:00:00',8,19,4,0,1,'Jugado',NULL,'2025-07-03 21:03:56','2025-07-05 21:36:55',1),(241,NULL,17,'2025-07-05','15:30:00',8,22,28,4,1,'Jugado',NULL,'2025-07-03 21:04:17','2025-07-05 21:36:28',1),(242,NULL,17,'2025-07-05','14:00:00',6,18,11,0,1,'Jugado',NULL,'2025-07-03 21:04:50','2025-07-05 21:33:14',1),(243,NULL,17,'2025-07-05','18:30:00',8,13,29,3,0,'Jugado',NULL,'2025-07-03 21:05:05','2025-07-05 22:37:50',1),(244,NULL,17,'2025-07-05','14:00:00',4,8,3,3,1,'Jugado',NULL,'2025-07-03 21:08:33','2025-07-05 21:33:23',1),(245,NULL,17,'2025-07-05','15:30:00',4,6,10,4,2,'Jugado',NULL,'2025-07-03 21:09:00','2025-07-05 21:34:52',1),(246,NULL,17,'2025-07-05','17:00:00',4,2,12,3,1,'Jugado',NULL,'2025-07-03 21:09:18','2025-07-05 21:35:53',1),(247,NULL,17,'2025-07-05','17:00:00',8,21,20,2,2,'Jugado',NULL,'2025-07-04 12:28:47','2025-07-05 21:36:14',1),(248,NULL,18,'2025-07-12','14:00:00',4,19,28,1,2,'Jugado',NULL,'2025-07-10 12:56:52','2025-07-12 21:04:34',1),(249,NULL,18,'2025-07-12','15:30:00',4,2,11,1,2,'Jugado',NULL,'2025-07-10 12:57:10','2025-07-12 21:04:38',1),(250,NULL,18,'2025-07-12','17:00:00',4,21,27,1,2,'Jugado',NULL,'2025-07-10 12:57:30','2025-07-12 21:13:00',1),(251,NULL,18,'2025-07-12','14:00:00',3,6,4,3,2,'Jugado',NULL,'2025-07-10 12:57:52','2025-07-12 21:04:30',1),(252,NULL,18,'2025-07-12','15:30:00',3,22,26,0,3,'Jugado',NULL,'2025-07-10 12:58:08','2025-07-12 21:05:28',1),(253,NULL,18,'2025-07-12','17:00:00',3,20,3,4,2,'Jugado',NULL,'2025-07-10 12:58:32','2025-07-12 21:06:00',1),(254,NULL,18,'2025-07-12','14:00:00',6,14,29,1,1,'Jugado',NULL,'2025-07-10 12:58:58','2025-07-12 21:04:44',1),(255,NULL,18,'2025-07-12','15:30:00',6,17,25,1,1,'Jugado',NULL,'2025-07-10 12:59:21','2025-07-12 21:05:42',1),(256,NULL,18,'2025-07-12','14:00:00',8,5,10,1,2,'Jugado',NULL,'2025-07-10 12:59:46','2025-07-12 21:04:52',1),(257,NULL,18,'2025-07-12','15:30:00',8,8,23,5,1,'Jugado',NULL,'2025-07-10 13:00:16','2025-07-12 21:05:09',1),(258,NULL,18,'2025-07-12','17:00:00',8,7,24,0,2,'Jugado',NULL,'2025-07-10 13:00:35','2025-07-12 21:05:50',1),(259,NULL,18,'2025-07-12','18:30:00',8,9,12,0,3,'Jugado',NULL,'2025-07-10 13:01:10','2025-07-12 21:21:24',1),(260,NULL,18,'2025-07-12','17:00:00',6,13,18,5,1,'Jugado',NULL,'2025-07-10 13:01:30','2025-07-12 21:13:13',1),(261,NULL,18,'2025-07-12','14:00:00',5,16,1,2,0,'Jugado',NULL,'2025-07-12 21:45:53','2025-07-12 21:46:06',1),(262,NULL,19,'2025-07-19','14:00:00',4,5,4,1,3,'Jugado',NULL,'2025-07-18 12:03:20','2025-07-19 21:49:04',1),(263,NULL,19,'2025-07-19','15:30:00',4,17,24,1,1,'Jugado',NULL,'2025-07-18 12:03:41','2025-07-19 21:49:47',1),(264,NULL,19,'2025-07-19','17:00:00',4,14,18,2,0,'Jugado',NULL,'2025-07-18 12:04:08','2025-07-19 21:50:42',1),(265,NULL,19,'2025-07-19','14:00:00',3,2,13,0,4,'Jugado',NULL,'2025-07-18 12:04:22','2025-07-19 21:48:40',1),(266,NULL,19,'2025-07-19','15:30:00',3,21,25,2,1,'Jugado',NULL,'2025-07-18 12:04:40','2025-07-19 21:49:41',1),(267,NULL,19,'2025-07-19','17:00:00',3,8,10,2,0,'Jugado',NULL,'2025-07-18 12:04:59','2025-07-19 21:50:09',1),(268,NULL,19,'2025-07-19','14:00:00',6,20,27,0,1,'Jugado',NULL,'2025-07-18 12:05:18','2025-07-19 21:48:54',1),(269,NULL,19,'2025-07-19','15:30:00',6,9,11,0,3,'Jugado',NULL,'2025-07-18 12:05:57','2025-07-19 21:49:29',1),(270,NULL,19,'2025-07-19','17:00:00',6,23,3,1,1,'Jugado',NULL,'2025-07-18 12:06:23','2025-07-19 21:50:17',1),(271,NULL,19,'2025-07-19','13:00:00',8,16,12,4,4,'Jugado',NULL,'2025-07-18 12:06:40','2025-07-19 22:06:45',1),(272,NULL,19,'2025-07-19','14:30:00',8,19,26,1,3,'Jugado',NULL,'2025-07-18 12:07:01','2025-07-19 22:13:43',1),(273,NULL,19,'2025-07-19','16:00:00',8,22,29,2,2,'Jugado',NULL,'2025-07-18 12:07:18','2025-07-19 21:49:59',1),(274,NULL,19,'2025-07-19','17:30:00',8,6,28,1,1,'Jugado',NULL,'2025-07-18 12:07:37','2025-07-19 21:50:33',1),(275,NULL,19,'2025-07-19','14:00:00',5,7,1,2,0,'Jugado',NULL,'2025-07-19 21:52:33','2025-07-19 21:52:47',1),(276,NULL,21,'2025-08-09','14:00:00',6,10,3,2,0,'Jugado',NULL,'2025-07-28 20:15:48','2025-08-09 21:24:28',1),(277,NULL,21,'2025-08-09','16:00:00',5,27,25,1,0,'Jugado',NULL,'2025-07-28 20:17:22','2025-08-09 21:25:50',1),(278,NULL,21,'2025-08-09','14:15:00',5,23,4,3,1,'Jugado',NULL,'2025-07-28 20:18:25','2025-08-09 21:24:44',1),(279,NULL,21,'2025-08-09','15:30:00',3,20,24,1,2,'Jugado',NULL,'2025-07-28 20:19:25','2025-08-09 21:24:58',1),(280,NULL,21,'2025-08-09','15:30:00',4,8,28,3,1,'Jugado',NULL,'2025-07-28 20:20:11','2025-08-09 21:25:39',1),(282,NULL,21,'2025-08-09','13:00:00',5,5,26,2,0,'Jugado',NULL,'2025-07-28 20:21:46','2025-08-09 21:24:20',1),(283,NULL,21,'2025-08-09','14:00:00',3,17,12,0,2,'Jugado',NULL,'2025-07-28 20:22:56','2025-08-09 21:34:29',1),(284,NULL,21,'2025-08-09','17:00:00',6,6,29,6,0,'Jugado',NULL,'2025-07-28 20:23:45','2025-08-09 21:25:30',1),(285,NULL,21,'2025-08-09','17:00:00',3,7,11,0,1,'Jugado',NULL,'2025-07-28 20:24:41','2025-08-09 21:25:14',1),(286,NULL,21,'2025-08-09','18:30:00',5,19,18,1,0,'Jugado',NULL,'2025-07-28 20:25:33','2025-08-09 22:19:24',1),(287,NULL,21,'2025-08-09','17:30:00',4,16,13,0,2,'Jugado',NULL,'2025-07-28 20:26:19','2025-08-09 21:25:19',1),(288,NULL,21,'2025-08-09','14:00:00',4,22,2,2,0,'Jugado',NULL,'2025-07-28 20:27:03','2025-08-09 21:24:16',1),(289,NULL,21,'2025-08-09','18:00:00',6,9,14,1,3,'Jugado',NULL,'2025-07-28 20:27:53','2025-08-09 21:26:03',1),(290,NULL,22,'2025-08-16','12:30:00',5,25,3,1,7,'Jugado',NULL,'2025-07-28 20:29:44','2025-08-16 20:55:51',1),(291,NULL,22,'2025-08-16','14:00:00',4,10,4,2,1,'Jugado',NULL,'2025-07-28 20:30:31','2025-08-16 20:55:28',1),(292,NULL,22,'2025-08-16','15:00:00',4,27,24,0,0,'Jugado',NULL,'2025-07-28 20:31:18','2025-08-16 20:54:15',1),(293,NULL,22,'2025-08-16','15:00:00',3,23,28,0,6,'Jugado',NULL,'2025-07-28 20:32:20','2025-08-16 20:55:21',1),(294,NULL,22,'2025-08-16','06:30:00',8,20,30,2,0,'Jugado',NULL,'2025-07-28 20:33:01','2025-08-16 20:56:22',1),(295,NULL,22,'2025-08-16','14:00:00',5,8,26,1,1,'Jugado',NULL,'2025-07-28 20:34:22','2025-08-16 20:54:50',1),(296,NULL,22,'2025-08-16','17:00:00',4,21,12,6,1,'Jugado',NULL,'2025-07-28 20:35:18','2025-08-16 21:52:05',1),(297,NULL,22,'2025-08-16','18:00:00',3,5,29,6,0,'Jugado',NULL,'2025-07-28 20:36:11','2025-08-16 20:53:57',1),(298,NULL,22,'2025-08-16','17:00:00',5,17,11,1,2,'Jugado',NULL,'2025-07-28 20:37:02','2025-08-16 21:52:09',1),(299,NULL,22,'2025-08-16','14:00:00',6,6,18,0,0,'Jugado',NULL,'2025-07-28 20:37:56','2025-08-16 20:55:37',1),(300,NULL,22,'2025-08-16','15:00:00',5,7,13,1,0,'Jugado',NULL,'2025-07-28 20:38:40','2025-08-16 20:54:10',1),(301,NULL,22,'2025-08-16','15:00:00',6,19,2,1,0,'Jugado',NULL,'2025-07-28 20:39:21','2025-08-16 20:54:38',1),(302,NULL,22,'2025-08-16','17:00:00',6,16,14,1,0,'Jugado',NULL,'2025-07-28 20:40:00','2025-08-16 21:03:56',1),(303,NULL,22,'2025-08-16','17:00:00',3,22,9,2,3,'Jugado',NULL,'2025-07-28 20:40:37','2025-08-16 20:54:27',1),(304,NULL,23,'2025-08-23','14:00:00',3,4,3,1,0,'Jugado',NULL,'2025-07-29 11:53:25','2025-08-23 21:34:34',1),(305,NULL,23,'2025-08-23','13:00:00',8,25,24,0,2,'Jugado',NULL,'2025-07-29 11:54:42','2025-08-23 21:34:52',1),(306,NULL,23,'2025-08-23','17:00:00',6,10,28,1,1,'Jugado',NULL,'2025-07-29 11:55:32','2025-08-23 21:51:05',1),(307,NULL,23,'2025-08-23','15:00:00',5,27,30,2,0,'Jugado',NULL,'2025-07-29 11:56:39','2025-08-23 21:34:42',1),(308,NULL,23,'2025-08-23','15:30:00',8,23,26,0,7,'Jugado',NULL,'2025-07-29 11:57:31','2025-08-23 21:51:54',1),(309,NULL,23,'2025-08-23','14:15:00',8,20,12,4,1,'Jugado',NULL,'2025-07-29 11:58:29','2025-08-23 21:35:25',1),(310,NULL,23,'2025-08-23','15:00:00',3,8,29,5,0,'Jugado',NULL,'2025-07-29 11:59:49','2025-08-23 21:50:30',1),(311,NULL,23,'2025-08-23','17:00:00',3,21,11,2,3,'Jugado',NULL,'2025-07-29 12:00:35','2025-08-23 21:51:21',1),(312,NULL,23,'2025-08-23','15:15:00',4,5,18,2,1,'Jugado',NULL,'2025-07-29 12:01:54','2025-08-23 21:51:32',1),(313,NULL,23,'2025-08-23','17:00:00',4,17,13,1,1,'Jugado',NULL,'2025-07-29 12:02:36','2025-08-23 21:51:14',1),(314,NULL,23,'2025-08-23','14:00:00',4,6,2,0,0,'Jugado',NULL,'2025-07-29 12:03:25','2025-08-23 21:34:58',1),(315,NULL,23,'2025-08-23','14:00:00',6,7,14,0,2,'Jugado',NULL,'2025-07-29 12:04:03','2025-08-23 21:51:45',1),(316,NULL,23,'2025-08-23','17:30:00',8,19,9,2,1,'Jugado',NULL,'2025-07-29 12:05:04','2025-08-23 21:50:58',1),(317,NULL,23,'2025-08-23','15:15:00',6,16,22,1,1,'Jugado',NULL,'2025-07-29 12:05:33','2025-08-23 21:51:42',1),(318,NULL,24,'2025-08-30','17:00:00',4,24,3,1,0,'Jugado',NULL,'2025-07-29 12:07:24','2025-09-03 18:20:44',1),(319,NULL,24,'2025-08-30','14:15:00',4,4,28,4,0,'Jugado',NULL,'2025-07-29 12:08:05','2025-09-03 18:20:34',1),(320,NULL,24,'2025-08-30','03:30:00',5,25,30,2,0,'Jugado',NULL,'2025-07-29 12:08:57','2025-09-03 18:20:49',1),(321,NULL,24,'2025-08-30','05:00:00',3,10,26,1,1,'Jugado',NULL,'2025-07-29 12:10:04','2025-09-03 18:20:21',1),(322,NULL,24,'2025-08-30','14:15:00',6,27,12,0,0,'Jugado',NULL,'2025-07-29 12:10:47','2025-09-03 18:20:54',1),(323,NULL,24,'2025-08-30','17:00:00',6,23,29,3,3,'Jugado',NULL,'2025-07-29 12:11:46','2025-09-03 18:21:05',1),(324,NULL,24,'2025-08-30','15:00:00',6,20,11,0,1,'Jugado',NULL,'2025-07-29 12:12:18','2025-09-03 18:20:59',1),(325,NULL,24,'2025-08-30','14:20:00',8,8,18,3,1,'Jugado',NULL,'2025-07-29 12:13:03','2025-09-03 18:21:14',1),(326,NULL,24,'2025-08-30','00:30:00',3,21,13,1,4,'Jugado',NULL,'2025-07-29 12:13:52','2025-09-03 18:19:56',1),(327,NULL,24,'2025-08-30','16:00:00',8,5,2,0,0,'Jugado',NULL,'2025-07-29 12:14:33','2025-09-03 18:21:18',1),(328,NULL,24,'2025-08-30','18:00:00',8,17,14,1,0,'Jugado',NULL,'2025-07-29 12:15:12','2025-09-03 18:21:22',1),(329,NULL,24,'2025-08-30','13:13:00',8,6,9,1,1,'Jugado',NULL,'2025-07-29 12:16:12','2025-09-03 18:21:11',1),(330,NULL,24,'2025-08-30','18:30:00',3,7,22,2,1,'Jugado',NULL,'2025-07-29 12:16:53','2025-09-03 18:20:26',1),(331,NULL,24,'2025-08-30','15:00:00',4,19,16,2,4,'Jugado',NULL,'2025-07-29 12:17:48','2025-09-03 18:20:40',1),(332,NULL,25,'2025-09-06','13:00:00',5,28,3,1,0,'Jugado',NULL,'2025-07-29 12:18:57','2025-09-06 22:30:52',1),(333,NULL,25,'2025-09-06','02:00:00',8,24,30,2,0,'Jugado',NULL,'2025-07-29 12:19:46','2025-09-06 22:31:18',1),(334,NULL,25,'2025-09-06','14:00:00',4,4,26,3,5,'Jugado',NULL,'2025-07-29 12:20:22','2025-09-06 22:30:46',1),(335,NULL,25,'2025-09-06','05:00:00',3,25,12,0,0,'Jugado',NULL,'2025-07-29 12:21:00','2025-09-06 22:31:41',1),(336,NULL,25,'2025-09-06','15:30:00',4,10,29,4,1,'Jugado',NULL,'2025-07-29 12:21:37','2025-09-06 22:31:50',1),(337,NULL,25,'2025-09-06','08:00:00',3,27,11,2,1,'Jugado',NULL,'2025-07-29 12:22:11','2025-09-07 14:30:19',1),(338,NULL,25,'2025-09-06','15:30:00',5,23,18,1,3,'Jugado',NULL,'2025-07-29 12:22:57','2025-09-06 22:31:23',1),(339,NULL,25,'2025-09-06','17:00:00',4,20,13,1,3,'Jugado',NULL,'2025-07-29 12:23:46','2025-09-06 22:32:23',1),(340,NULL,25,'2025-09-06','00:30:00',3,8,2,1,1,'Jugado',NULL,'2025-07-29 12:24:24','2025-09-06 22:31:06',1),(341,NULL,25,'2025-09-06','15:30:00',6,21,14,2,0,'Jugado',NULL,'2025-07-29 12:25:06','2025-09-06 22:31:35',1),(342,NULL,25,'2025-09-06','17:00:00',6,5,9,5,2,'Jugado',NULL,'2025-07-29 12:25:37','2025-09-07 14:30:28',1),(343,NULL,25,'2025-09-06','18:00:00',5,17,22,3,1,'Jugado',NULL,'2025-07-29 12:26:11','2025-09-06 22:31:59',1),(344,NULL,25,'2025-09-06','18:30:00',5,6,16,2,1,'Jugado',NULL,'2025-07-29 12:26:40','2025-09-06 22:32:30',1),(345,NULL,25,'2025-09-06','14:00:00',6,7,19,2,0,'Jugado',NULL,'2025-07-29 12:27:21','2025-09-06 22:32:10',1),(346,NULL,26,'2025-09-13','12:30:00',3,30,3,0,0,'programado',NULL,'2025-07-29 21:36:15','2025-07-29 21:36:15',1),(347,NULL,26,'2025-09-13','02:00:00',3,28,26,0,0,'programado',NULL,'2025-07-29 21:36:58','2025-07-29 21:36:58',1),(348,NULL,26,'2025-09-13','03:30:00',3,24,12,0,0,'programado',NULL,'2025-07-29 21:37:53','2025-07-29 21:37:53',1),(349,NULL,26,'2025-09-13','05:00:00',3,4,29,0,0,'programado',NULL,'2025-07-29 21:38:32','2025-07-29 21:38:32',1),(350,NULL,26,'2025-09-13','06:30:00',3,25,11,0,0,'programado',NULL,'2025-07-29 21:39:16','2025-07-29 21:39:16',1),(351,NULL,26,'2025-09-13','08:00:00',3,10,18,0,0,'programado',NULL,'2025-07-29 21:40:09','2025-07-29 21:40:09',1),(352,NULL,26,'2025-09-13','09:30:00',3,27,13,0,0,'programado',NULL,'2025-07-29 21:40:48','2025-07-29 21:40:48',1),(353,NULL,26,'2025-09-13','11:00:00',3,23,2,0,0,'programado',NULL,'2025-07-29 21:41:55','2025-07-29 21:41:55',1),(354,NULL,26,'2025-09-13','00:30:00',3,20,14,0,0,'programado',NULL,'2025-07-29 21:42:40','2025-07-29 21:42:40',1),(355,NULL,26,'2025-09-13','14:00:00',3,8,9,0,0,'programado',NULL,'2025-07-29 21:43:23','2025-07-29 21:43:23',1),(356,NULL,26,'2025-09-13','15:30:00',3,21,22,0,0,'programado',NULL,'2025-07-29 21:44:11','2025-07-29 21:44:11',1),(357,NULL,26,'2025-09-13','17:00:00',3,5,16,0,0,'programado',NULL,'2025-07-29 21:44:54','2025-07-29 21:44:54',1),(358,NULL,26,'2025-09-13','20:00:00',3,17,19,0,0,'programado',NULL,'2025-07-29 21:45:43','2025-07-29 21:45:43',1),(359,NULL,26,'2025-09-13','21:30:00',3,6,7,0,0,'programado',NULL,'2025-07-29 21:46:17','2025-07-29 21:46:17',1),(360,NULL,27,'2025-09-20','12:30:00',3,26,3,0,0,'programado',NULL,'2025-07-29 21:47:40','2025-07-29 21:47:40',1),(361,NULL,27,'2025-09-20','02:00:00',3,30,12,0,0,'programado',NULL,'2025-07-29 21:48:40','2025-07-29 21:48:40',1),(362,NULL,27,'2025-09-20','03:30:00',3,28,29,0,0,'programado',NULL,'2025-07-29 21:49:36','2025-07-29 21:49:36',1),(363,NULL,27,'2025-09-20','05:00:00',3,24,11,0,0,'programado',NULL,'2025-07-29 21:50:21','2025-07-29 21:50:21',1),(364,NULL,27,'2025-09-20','06:30:00',3,4,18,0,0,'programado',NULL,'2025-07-29 21:56:57','2025-07-29 21:56:57',1),(365,NULL,27,'2025-09-20','08:00:00',3,25,13,0,0,'programado',NULL,'2025-07-29 21:57:56','2025-07-29 21:57:56',1),(366,NULL,27,'2025-09-20','09:30:00',3,10,2,0,0,'programado',NULL,'2025-07-29 21:58:34','2025-07-29 21:58:34',1),(367,NULL,27,'2025-09-20','11:00:00',3,27,14,0,0,'programado',NULL,'2025-07-29 21:59:10','2025-07-29 21:59:10',1),(368,NULL,27,'2025-09-20','00:30:00',3,23,9,0,0,'programado',NULL,'2025-07-29 21:59:51','2025-07-29 21:59:51',1),(369,NULL,27,'2025-09-20','14:00:00',3,20,22,0,0,'programado',NULL,'2025-07-29 22:00:21','2025-07-29 22:00:21',1),(370,NULL,27,'2025-09-20','15:30:00',3,8,16,0,0,'programado',NULL,'2025-07-29 22:01:03','2025-07-29 22:01:03',1),(371,NULL,27,'2025-09-20','17:00:00',3,21,19,0,0,'programado',NULL,'2025-07-29 22:01:39','2025-07-29 22:01:39',1),(372,NULL,27,'2025-09-20','18:30:00',3,5,7,0,0,'programado',NULL,'2025-07-29 22:02:16','2025-07-29 22:02:16',1),(373,NULL,27,'2025-09-20','20:00:00',3,17,6,0,0,'programado',NULL,'2025-07-29 22:03:41','2025-07-29 22:03:41',1),(374,NULL,20,'2025-08-02','17:00:00',4,27,3,1,1,'Jugado',NULL,'2025-07-30 13:39:51','2025-08-02 21:38:45',1),(375,NULL,20,'2025-08-02','13:00:00',4,23,10,2,3,'Jugado',NULL,'2025-07-30 13:40:30','2025-08-02 21:37:44',1),(376,NULL,20,'2025-08-02','13:00:00',6,20,25,0,0,'Jugado',NULL,'2025-07-30 13:41:06','2025-08-02 21:36:04',1),(377,NULL,20,'2025-08-02','14:00:00',6,8,4,1,2,'Jugado',NULL,'2025-07-30 13:41:41','2025-08-02 21:36:40',1),(378,NULL,20,'2025-08-02','17:00:00',6,21,24,2,2,'Jugado',NULL,'2025-07-30 13:42:18','2025-08-02 21:38:56',1),(379,NULL,20,'2025-08-02','17:00:00',3,5,28,0,1,'Jugado',NULL,'2025-07-30 13:42:45','2025-08-02 21:40:14',1),(381,NULL,20,'2025-08-02','14:00:00',4,6,26,2,0,'Jugado',NULL,'2025-07-30 13:45:21','2025-08-02 23:42:43',1),(382,NULL,20,'2025-08-02','15:00:00',6,7,12,3,1,'Jugado',NULL,'2025-07-30 13:46:02','2025-08-02 21:38:28',1),(383,NULL,20,'2025-08-02','15:00:00',3,19,29,3,0,'Jugado',NULL,'2025-07-30 13:46:33','2025-08-02 21:38:01',1),(384,NULL,20,'2025-08-02','15:30:00',4,16,11,0,1,'Jugado',NULL,'2025-07-30 13:50:53','2025-08-02 21:38:15',1),(385,NULL,20,'2025-08-02','14:00:00',3,22,18,0,4,'Jugado',NULL,'2025-07-30 13:51:31','2025-08-02 21:36:29',1),(386,NULL,20,'2025-08-02','12:00:00',3,9,13,1,4,'Jugado',NULL,'2025-07-30 13:52:02','2025-08-02 23:42:55',1),(387,NULL,20,'2025-08-02','15:30:00',8,14,2,0,0,'programado',NULL,'2025-07-30 13:52:36','2025-07-31 12:57:37',1),(388,NULL,20,'2025-08-02','20:00:00',8,17,1,2,0,'Jugado',NULL,'2025-08-02 21:45:45','2025-08-02 21:46:03',1),(389,NULL,21,'2025-08-09','14:00:00',8,21,1,2,0,'Jugado',NULL,'2025-08-08 20:10:20','2025-08-09 21:24:34',1);
/*!40000 ALTER TABLE `encuentros` ENABLE KEYS */;
UNLOCK TABLES;

--
-- Table structure for table `equipos`
--

DROP TABLE IF EXISTS `equipos`;
/*!40101 SET @saved_cs_client     = @@character_set_client */;
/*!50503 SET character_set_client = utf8mb4 */;
CREATE TABLE `equipos` (
  `id` bigint unsigned NOT NULL AUTO_INCREMENT,
  `nombre` varchar(255) COLLATE utf8mb4_unicode_ci NOT NULL,
  `ciudad` varchar(255) COLLATE utf8mb4_unicode_ci DEFAULT NULL,
  `provincia` varchar(255) COLLATE utf8mb4_unicode_ci DEFAULT NULL,
  `cod_pos` varchar(255) COLLATE utf8mb4_unicode_ci DEFAULT NULL,
  `descripcion` varchar(255) COLLATE utf8mb4_unicode_ci DEFAULT NULL,
  `logo` varchar(255) COLLATE utf8mb4_unicode_ci DEFAULT NULL,
  `is_active` tinyint(1) NOT NULL DEFAULT '1',
  `created_at` timestamp NULL DEFAULT NULL,
  `updated_at` timestamp NULL DEFAULT NULL,
  `campeonato_id` bigint unsigned DEFAULT NULL,
  `grupo_id` bigint unsigned DEFAULT NULL,
  PRIMARY KEY (`id`),
  UNIQUE KEY `equipos_nombre_unique` (`nombre`),
  KEY `equipos_campeonato_id_foreign` (`campeonato_id`),
  KEY `equipos_grupo_id_foreign` (`grupo_id`),
  CONSTRAINT `equipos_campeonato_id_foreign` FOREIGN KEY (`campeonato_id`) REFERENCES `campeonatos` (`id`) ON DELETE CASCADE,
  CONSTRAINT `equipos_grupo_id_foreign` FOREIGN KEY (`grupo_id`) REFERENCES `grupos` (`id`) ON DELETE SET NULL
) ENGINE=InnoDB AUTO_INCREMENT=32 DEFAULT CHARSET=utf8mb4 COLLATE=utf8mb4_unicode_ci;
/*!40101 SET character_set_client = @saved_cs_client */;

--
-- Dumping data for table `equipos`
--

LOCK TABLES `equipos` WRITE;
/*!40000 ALTER TABLE `equipos` DISABLE KEYS */;
INSERT INTO `equipos` VALUES (1,'sin equipo',NULL,NULL,NULL,NULL,NULL,1,'2025-06-24 15:40:07','2025-06-24 15:40:07',NULL,NULL),(2,'B. VALENZUELA',NULL,NULL,NULL,NULL,NULL,1,'2025-06-24 15:40:53','2025-06-24 15:40:53',NULL,NULL),(3,'GREMIO',NULL,NULL,NULL,NULL,NULL,1,'2025-06-24 15:41:06','2025-06-24 15:41:06',NULL,NULL),(4,'PATRONATO',NULL,NULL,NULL,NULL,NULL,1,'2025-06-24 18:39:57','2025-06-24 18:39:57',NULL,NULL),(5,'B.NORTE',NULL,NULL,NULL,NULL,NULL,1,'2025-06-24 18:40:11','2025-06-24 18:40:11',NULL,NULL),(6,'DOÑA MARY',NULL,NULL,NULL,NULL,NULL,1,'2025-06-24 18:40:20','2025-06-24 18:40:20',NULL,NULL),(7,'FENIX',NULL,NULL,NULL,NULL,NULL,1,'2025-06-24 18:40:30','2025-06-24 18:40:30',NULL,NULL),(8,'LOS PINOS',NULL,NULL,NULL,NULL,NULL,1,'2025-06-24 18:40:42','2025-06-24 18:40:42',NULL,NULL),(9,'LA PESTE ROJA',NULL,NULL,NULL,NULL,NULL,1,'2025-06-24 18:40:55','2025-06-24 18:40:55',NULL,NULL),(10,'SPORTIVO ITATI',NULL,NULL,NULL,NULL,NULL,1,'2025-06-24 18:41:13','2025-06-24 18:41:13',NULL,NULL),(11,'VET ARANDU',NULL,NULL,NULL,NULL,NULL,1,'2025-06-24 18:41:22','2025-06-24 18:41:22',NULL,NULL),(12,'S.E.COMERCIO',NULL,NULL,NULL,NULL,NULL,1,'2025-06-24 18:41:36','2025-06-24 18:41:36',NULL,NULL),(13,'ENERGY',NULL,NULL,NULL,NULL,NULL,1,'2025-06-24 18:41:49','2025-06-24 18:41:49',NULL,NULL),(14,'DON JULIO',NULL,NULL,NULL,NULL,NULL,1,'2025-06-24 18:42:04','2025-06-24 18:42:04',NULL,NULL),(15,'PARRILLA M. FLORES',NULL,NULL,NULL,NULL,NULL,1,'2025-06-24 18:42:21','2025-06-24 18:42:21',NULL,NULL),(16,'EL CURUPÍ',NULL,NULL,NULL,NULL,NULL,1,'2025-06-24 18:42:33','2025-06-24 18:42:33',NULL,NULL),(17,'DEP. UNIDO',NULL,NULL,NULL,NULL,NULL,1,'2025-06-24 18:42:50','2025-06-24 18:42:50',NULL,NULL),(18,'EX COMBATIENTE',NULL,NULL,NULL,NULL,NULL,1,'2025-06-24 18:43:05','2025-06-24 18:43:05',NULL,NULL),(19,'LA CARPITA',NULL,NULL,NULL,NULL,NULL,1,'2025-06-24 18:43:17','2025-06-24 18:43:17',NULL,NULL),(20,'LA FAMILIA',NULL,NULL,NULL,NULL,NULL,1,'2025-06-24 18:43:24','2025-06-24 18:43:24',NULL,NULL),(21,'LIBERTAD',NULL,NULL,NULL,NULL,NULL,1,'2025-06-24 18:43:39','2025-06-24 18:43:39',NULL,NULL),(22,'LOS 4 SOLES',NULL,NULL,NULL,NULL,NULL,1,'2025-06-24 18:43:48','2025-06-24 18:43:48',NULL,NULL),(23,'LOS HALCONES',NULL,NULL,NULL,NULL,NULL,1,'2025-06-24 18:43:59','2025-06-24 18:43:59',NULL,NULL),(24,'PROFESORES',NULL,NULL,NULL,NULL,NULL,1,'2025-06-24 18:44:15','2025-06-24 18:44:15',NULL,NULL),(25,'LUJAN',NULL,NULL,NULL,NULL,NULL,1,'2025-06-24 18:44:28','2025-06-24 18:44:28',NULL,NULL),(26,'PROMAT',NULL,NULL,NULL,NULL,NULL,1,'2025-06-24 18:45:04','2025-06-24 18:45:04',NULL,NULL),(27,'SAN LORENZO',NULL,NULL,NULL,NULL,NULL,1,'2025-06-24 18:45:13','2025-06-24 18:45:13',NULL,NULL),(28,'TRANS. SELTZER',NULL,NULL,NULL,NULL,NULL,1,'2025-06-24 18:45:22','2025-06-24 18:45:22',NULL,NULL),(29,'EL REJUNTE',NULL,NULL,NULL,NULL,NULL,1,'2025-06-24 18:45:34','2025-06-24 18:45:34',NULL,NULL),(30,'LOS REYES',NULL,NULL,NULL,NULL,NULL,1,'2025-06-24 18:45:43','2025-06-24 18:45:43',NULL,NULL),(31,'cesar','San Roque','Corrientes','3432',NULL,NULL,0,'2025-07-26 20:28:12','2025-07-26 20:28:40',NULL,NULL);
/*!40000 ALTER TABLE `equipos` ENABLE KEYS */;
UNLOCK TABLES;

--
-- Table structure for table `estadios`
--

DROP TABLE IF EXISTS `estadios`;
/*!40101 SET @saved_cs_client     = @@character_set_client */;
/*!50503 SET character_set_client = utf8mb4 */;
CREATE TABLE `estadios` (
  `id` bigint unsigned NOT NULL AUTO_INCREMENT,
  `nombre` varchar(255) COLLATE utf8mb4_unicode_ci NOT NULL,
  `direccion` varchar(255) COLLATE utf8mb4_unicode_ci DEFAULT NULL,
  `ciudad` varchar(255) COLLATE utf8mb4_unicode_ci DEFAULT NULL,
  `provincia` varchar(255) COLLATE utf8mb4_unicode_ci DEFAULT NULL,
  `cod_pos` varchar(255) COLLATE utf8mb4_unicode_ci DEFAULT NULL,
  `otros` varchar(255) COLLATE utf8mb4_unicode_ci DEFAULT NULL,
  `created_at` timestamp NULL DEFAULT NULL,
  `updated_at` timestamp NULL DEFAULT NULL,
  PRIMARY KEY (`id`),
  UNIQUE KEY `estadios_nombre_unique` (`nombre`)
) ENGINE=InnoDB DEFAULT CHARSET=utf8mb4 COLLATE=utf8mb4_unicode_ci;
/*!40101 SET character_set_client = @saved_cs_client */;

--
-- Dumping data for table `estadios`
--

LOCK TABLES `estadios` WRITE;
/*!40000 ALTER TABLE `estadios` DISABLE KEYS */;
/*!40000 ALTER TABLE `estadios` ENABLE KEYS */;
UNLOCK TABLES;

--
-- Table structure for table `estadistica_jugador_encuentros`
--

DROP TABLE IF EXISTS `estadistica_jugador_encuentros`;
/*!40101 SET @saved_cs_client     = @@character_set_client */;
/*!50503 SET character_set_client = utf8mb4 */;
CREATE TABLE `estadistica_jugador_encuentros` (
  `id` bigint unsigned NOT NULL AUTO_INCREMENT,
  `jugador_id` bigint unsigned NOT NULL,
  `encuentro_id` bigint unsigned NOT NULL,
  `goles` int DEFAULT NULL,
  `tarjeta_amarilla` int DEFAULT NULL,
  `tarjeta_doble_amarilla` int DEFAULT NULL,
  `tarjeta_roja` int DEFAULT NULL,
  `created_at` timestamp NULL DEFAULT NULL,
  `updated_at` timestamp NULL DEFAULT NULL,
  `campeonato_id` bigint unsigned DEFAULT NULL,
  `equipo_id` bigint unsigned NOT NULL,
  PRIMARY KEY (`id`),
  KEY `estadistica_jugador_encuentros_campeonato_id_foreign` (`campeonato_id`),
  KEY `estadistica_jugador_encuentros_jugador_id_foreign` (`jugador_id`),
  KEY `estadistica_jugador_encuentros_encuentro_id_foreign` (`encuentro_id`),
  KEY `estadistica_jugador_encuentros_equipo_id_foreign` (`equipo_id`),
  CONSTRAINT `estadistica_jugador_encuentros_campeonato_id_foreign` FOREIGN KEY (`campeonato_id`) REFERENCES `campeonatos` (`id`) ON DELETE CASCADE,
  CONSTRAINT `estadistica_jugador_encuentros_encuentro_id_foreign` FOREIGN KEY (`encuentro_id`) REFERENCES `encuentros` (`id`),
  CONSTRAINT `estadistica_jugador_encuentros_equipo_id_foreign` FOREIGN KEY (`equipo_id`) REFERENCES `equipos` (`id`) ON DELETE CASCADE,
  CONSTRAINT `estadistica_jugador_encuentros_jugador_id_foreign` FOREIGN KEY (`jugador_id`) REFERENCES `jugadors` (`id`)
) ENGINE=InnoDB DEFAULT CHARSET=utf8mb4 COLLATE=utf8mb4_unicode_ci;
/*!40101 SET character_set_client = @saved_cs_client */;

--
-- Dumping data for table `estadistica_jugador_encuentros`
--

LOCK TABLES `estadistica_jugador_encuentros` WRITE;
/*!40000 ALTER TABLE `estadistica_jugador_encuentros` DISABLE KEYS */;
/*!40000 ALTER TABLE `estadistica_jugador_encuentros` ENABLE KEYS */;
UNLOCK TABLES;

--
-- Table structure for table `failed_jobs`
--

DROP TABLE IF EXISTS `failed_jobs`;
/*!40101 SET @saved_cs_client     = @@character_set_client */;
/*!50503 SET character_set_client = utf8mb4 */;
CREATE TABLE `failed_jobs` (
  `id` bigint unsigned NOT NULL AUTO_INCREMENT,
  `uuid` varchar(255) COLLATE utf8mb4_unicode_ci NOT NULL,
  `connection` text COLLATE utf8mb4_unicode_ci NOT NULL,
  `queue` text COLLATE utf8mb4_unicode_ci NOT NULL,
  `payload` longtext COLLATE utf8mb4_unicode_ci NOT NULL,
  `exception` longtext COLLATE utf8mb4_unicode_ci NOT NULL,
  `failed_at` timestamp NOT NULL DEFAULT CURRENT_TIMESTAMP,
  PRIMARY KEY (`id`),
  UNIQUE KEY `failed_jobs_uuid_unique` (`uuid`)
) ENGINE=InnoDB DEFAULT CHARSET=utf8mb4 COLLATE=utf8mb4_unicode_ci;
/*!40101 SET character_set_client = @saved_cs_client */;

--
-- Dumping data for table `failed_jobs`
--

LOCK TABLES `failed_jobs` WRITE;
/*!40000 ALTER TABLE `failed_jobs` DISABLE KEYS */;
/*!40000 ALTER TABLE `failed_jobs` ENABLE KEYS */;
UNLOCK TABLES;

--
-- Table structure for table `foto_jugadors`
--

DROP TABLE IF EXISTS `foto_jugadors`;
/*!40101 SET @saved_cs_client     = @@character_set_client */;
/*!50503 SET character_set_client = utf8mb4 */;
CREATE TABLE `foto_jugadors` (
  `id` bigint unsigned NOT NULL AUTO_INCREMENT,
  `created_at` timestamp NULL DEFAULT NULL,
  `updated_at` timestamp NULL DEFAULT NULL,
  PRIMARY KEY (`id`)
) ENGINE=InnoDB DEFAULT CHARSET=utf8mb4 COLLATE=utf8mb4_unicode_ci;
/*!40101 SET character_set_client = @saved_cs_client */;

--
-- Dumping data for table `foto_jugadors`
--

LOCK TABLES `foto_jugadors` WRITE;
/*!40000 ALTER TABLE `foto_jugadors` DISABLE KEYS */;
/*!40000 ALTER TABLE `foto_jugadors` ENABLE KEYS */;
UNLOCK TABLES;

--
-- Table structure for table `grupos`
--

DROP TABLE IF EXISTS `grupos`;
/*!40101 SET @saved_cs_client     = @@character_set_client */;
/*!50503 SET character_set_client = utf8mb4 */;
CREATE TABLE `grupos` (
  `id` bigint unsigned NOT NULL AUTO_INCREMENT,
  `nombre` varchar(255) COLLATE utf8mb4_unicode_ci DEFAULT NULL,
  `cantidad_equipos` int DEFAULT NULL,
  `descripcion` varchar(255) COLLATE utf8mb4_unicode_ci DEFAULT NULL,
  `created_at` timestamp NULL DEFAULT NULL,
  `updated_at` timestamp NULL DEFAULT NULL,
  `campeonato_id` bigint unsigned NOT NULL,
  PRIMARY KEY (`id`),
  KEY `grupos_campeonato_id_foreign` (`campeonato_id`),
  CONSTRAINT `grupos_campeonato_id_foreign` FOREIGN KEY (`campeonato_id`) REFERENCES `campeonatos` (`id`) ON DELETE CASCADE
) ENGINE=InnoDB AUTO_INCREMENT=7 DEFAULT CHARSET=utf8mb4 COLLATE=utf8mb4_unicode_ci;
/*!40101 SET character_set_client = @saved_cs_client */;

--
-- Dumping data for table `grupos`
--

LOCK TABLES `grupos` WRITE;
/*!40000 ALTER TABLE `grupos` DISABLE KEYS */;
INSERT INTO `grupos` VALUES (1,'Todos contra todos',NULL,NULL,'2025-06-24 18:53:50','2025-06-24 18:53:50',1);
/*!40000 ALTER TABLE `grupos` ENABLE KEYS */;
UNLOCK TABLES;

--
-- Table structure for table `job_batches`
--

DROP TABLE IF EXISTS `job_batches`;
/*!40101 SET @saved_cs_client     = @@character_set_client */;
/*!50503 SET character_set_client = utf8mb4 */;
CREATE TABLE `job_batches` (
  `id` varchar(255) COLLATE utf8mb4_unicode_ci NOT NULL,
  `name` varchar(255) COLLATE utf8mb4_unicode_ci NOT NULL,
  `total_jobs` int NOT NULL,
  `pending_jobs` int NOT NULL,
  `failed_jobs` int NOT NULL,
  `failed_job_ids` longtext COLLATE utf8mb4_unicode_ci NOT NULL,
  `options` mediumtext COLLATE utf8mb4_unicode_ci,
  `cancelled_at` int DEFAULT NULL,
  `created_at` int NOT NULL,
  `finished_at` int DEFAULT NULL,
  PRIMARY KEY (`id`)
) ENGINE=InnoDB DEFAULT CHARSET=utf8mb4 COLLATE=utf8mb4_unicode_ci;
/*!40101 SET character_set_client = @saved_cs_client */;

--
-- Dumping data for table `job_batches`
--

LOCK TABLES `job_batches` WRITE;
/*!40000 ALTER TABLE `job_batches` DISABLE KEYS */;
/*!40000 ALTER TABLE `job_batches` ENABLE KEYS */;
UNLOCK TABLES;

--
-- Table structure for table `jobs`
--

DROP TABLE IF EXISTS `jobs`;
/*!40101 SET @saved_cs_client     = @@character_set_client */;
/*!50503 SET character_set_client = utf8mb4 */;
CREATE TABLE `jobs` (
  `id` bigint unsigned NOT NULL AUTO_INCREMENT,
  `queue` varchar(255) COLLATE utf8mb4_unicode_ci NOT NULL,
  `payload` longtext COLLATE utf8mb4_unicode_ci NOT NULL,
  `attempts` tinyint unsigned NOT NULL,
  `reserved_at` int unsigned DEFAULT NULL,
  `available_at` int unsigned NOT NULL,
  `created_at` int unsigned NOT NULL,
  PRIMARY KEY (`id`),
  KEY `jobs_queue_index` (`queue`)
) ENGINE=InnoDB DEFAULT CHARSET=utf8mb4 COLLATE=utf8mb4_unicode_ci;
/*!40101 SET character_set_client = @saved_cs_client */;

--
-- Dumping data for table `jobs`
--

LOCK TABLES `jobs` WRITE;
/*!40000 ALTER TABLE `jobs` DISABLE KEYS */;
/*!40000 ALTER TABLE `jobs` ENABLE KEYS */;
UNLOCK TABLES;

--
-- Table structure for table `jugador_equipo`
--

DROP TABLE IF EXISTS `jugador_equipo`;
/*!40101 SET @saved_cs_client     = @@character_set_client */;
/*!50503 SET character_set_client = utf8mb4 */;
CREATE TABLE `jugador_equipo` (
  `id` bigint unsigned NOT NULL AUTO_INCREMENT,
  `jugador_id` bigint unsigned NOT NULL,
  `equipo_id` bigint unsigned NOT NULL,
  `fecha_alta` date DEFAULT NULL,
  `fecha_baja` date DEFAULT NULL,
  `created_at` timestamp NULL DEFAULT NULL,
  `updated_at` timestamp NULL DEFAULT NULL,
  PRIMARY KEY (`id`),
  KEY `jugador_equipo_jugador_id_foreign` (`jugador_id`),
  KEY `jugador_equipo_equipo_id_foreign` (`equipo_id`),
  CONSTRAINT `jugador_equipo_equipo_id_foreign` FOREIGN KEY (`equipo_id`) REFERENCES `equipos` (`id`) ON DELETE CASCADE,
  CONSTRAINT `jugador_equipo_jugador_id_foreign` FOREIGN KEY (`jugador_id`) REFERENCES `jugadors` (`id`) ON DELETE CASCADE
) ENGINE=InnoDB AUTO_INCREMENT=49 DEFAULT CHARSET=utf8mb4 COLLATE=utf8mb4_unicode_ci;
/*!40101 SET character_set_client = @saved_cs_client */;

--
-- Dumping data for table `jugador_equipo`
--

LOCK TABLES `jugador_equipo` WRITE;
/*!40000 ALTER TABLE `jugador_equipo` DISABLE KEYS */;
INSERT INTO `jugador_equipo` VALUES (1,500,23,'2025-06-24',NULL,NULL,NULL),(2,425,23,'2025-06-24',NULL,NULL,NULL),(3,636,23,'2025-06-24',NULL,'2025-06-24 19:03:38','2025-06-24 19:03:38'),(4,637,23,'2025-06-24',NULL,'2025-06-24 19:04:38','2025-06-24 19:04:38'),(5,638,13,'2025-06-24',NULL,'2025-06-24 19:09:46','2025-06-24 19:09:46'),(6,639,26,'2025-06-24',NULL,'2025-06-24 19:13:05','2025-06-24 19:13:05'),(7,58,26,'2025-06-24',NULL,NULL,NULL),(8,52,26,'2025-06-24',NULL,NULL,NULL),(9,640,26,'2025-06-24',NULL,'2025-06-24 19:14:23','2025-06-24 19:14:23'),(10,641,26,'2025-06-24',NULL,'2025-06-24 19:15:02','2025-06-24 19:15:02'),(11,37,5,'2025-06-24',NULL,NULL,NULL),(12,411,22,'2025-06-24',NULL,NULL,NULL),(13,642,22,'2025-06-24',NULL,'2025-06-24 19:24:45','2025-06-24 19:24:45'),(14,643,22,'2025-06-24',NULL,'2025-06-24 19:25:26','2025-06-24 19:25:26'),(15,338,18,'2025-06-24',NULL,NULL,NULL),(16,560,12,'2025-06-24',NULL,NULL,NULL),(17,644,12,'2025-06-24',NULL,'2025-06-24 19:34:19','2025-06-24 19:34:19'),(18,645,21,'2025-06-24',NULL,'2025-06-24 19:47:41','2025-06-24 19:47:41'),(19,646,9,'2025-06-24',NULL,'2025-06-24 19:59:33','2025-06-24 19:59:33'),(20,647,9,'2025-06-24',NULL,'2025-06-24 20:00:15','2025-06-24 20:00:15'),(21,648,9,'2025-06-24',NULL,'2025-06-24 20:00:49','2025-06-24 20:00:49'),(22,649,11,'2025-06-24',NULL,'2025-06-24 20:03:53','2025-06-24 20:03:53'),(23,650,11,'2025-06-24',NULL,'2025-06-24 20:04:27','2025-06-24 20:04:27'),(24,651,11,'2025-06-24',NULL,'2025-06-24 20:04:56','2025-06-24 20:04:56'),(25,652,29,'2025-06-24',NULL,'2025-06-24 20:48:05','2025-06-24 20:48:05'),(26,94,29,'2025-06-24',NULL,NULL,NULL),(27,653,29,'2025-06-24',NULL,'2025-06-24 20:49:19','2025-06-24 20:49:19'),(28,606,29,'2025-06-24',NULL,NULL,NULL),(29,432,7,'2025-06-24',NULL,NULL,NULL),(30,495,7,'2025-06-24',NULL,NULL,NULL),(31,654,27,'2025-06-24',NULL,'2025-06-24 21:26:40','2025-06-24 21:26:40'),(32,655,28,'2025-06-24',NULL,'2025-06-24 21:32:36','2025-06-24 21:32:36'),(33,509,28,'2025-06-24',NULL,NULL,NULL),(34,73,28,'2025-06-24',NULL,NULL,NULL),(35,656,28,'2025-06-24',NULL,'2025-06-24 21:33:50','2025-06-24 21:33:50'),(36,657,10,'2025-06-24',NULL,'2025-06-24 21:40:22','2025-06-24 21:40:22'),(37,658,16,'2025-06-24',NULL,'2025-06-24 21:42:45','2025-06-24 21:42:45'),(38,659,16,'2025-06-24',NULL,'2025-06-24 21:43:31','2025-06-24 21:43:31'),(39,660,16,'2025-06-24',NULL,'2025-06-24 21:44:08','2025-06-24 21:44:08'),(40,415,16,'2025-06-24',NULL,NULL,NULL),(41,363,25,'2025-06-24',NULL,NULL,NULL),(42,20,25,'2025-06-24',NULL,NULL,NULL),(43,141,25,'2025-06-24',NULL,NULL,NULL),(44,661,25,'2025-06-24',NULL,'2025-06-24 21:49:55','2025-06-24 21:49:55'),(45,380,2,'2025-06-24','2025-07-23',NULL,NULL),(46,662,3,'2025-07-09',NULL,'2025-07-09 22:20:48','2025-07-09 22:20:48'),(47,380,20,'2025-07-23','2025-08-01',NULL,NULL),(48,380,2,'2025-08-01',NULL,NULL,NULL);
/*!40000 ALTER TABLE `jugador_equipo` ENABLE KEYS */;
UNLOCK TABLES;

--
-- Table structure for table `jugador_equipos`
--

DROP TABLE IF EXISTS `jugador_equipos`;
/*!40101 SET @saved_cs_client     = @@character_set_client */;
/*!50503 SET character_set_client = utf8mb4 */;
CREATE TABLE `jugador_equipos` (
  `id` bigint unsigned NOT NULL AUTO_INCREMENT,
  `jugador_id` bigint unsigned NOT NULL,
  `equipo_id` bigint unsigned NOT NULL,
  `fecha_alta` date DEFAULT NULL,
  `fecha_baja` date DEFAULT NULL,
  `created_at` timestamp NULL DEFAULT NULL,
  `updated_at` timestamp NULL DEFAULT NULL,
  PRIMARY KEY (`id`),
  KEY `jugador_equipos_jugador_id_foreign` (`jugador_id`),
  KEY `jugador_equipos_equipo_id_foreign` (`equipo_id`),
  CONSTRAINT `jugador_equipos_equipo_id_foreign` FOREIGN KEY (`equipo_id`) REFERENCES `equipos` (`id`) ON DELETE CASCADE,
  CONSTRAINT `jugador_equipos_jugador_id_foreign` FOREIGN KEY (`jugador_id`) REFERENCES `jugadors` (`id`) ON DELETE CASCADE
) ENGINE=InnoDB AUTO_INCREMENT=3 DEFAULT CHARSET=utf8mb4 COLLATE=utf8mb4_unicode_ci;
/*!40101 SET character_set_client = @saved_cs_client */;

--
-- Dumping data for table `jugador_equipos`
--

LOCK TABLES `jugador_equipos` WRITE;
/*!40000 ALTER TABLE `jugador_equipos` DISABLE KEYS */;
INSERT INTO `jugador_equipos` VALUES (1,380,1,'2025-08-23','2025-08-23',NULL,NULL),(2,380,2,'2025-08-23',NULL,NULL,NULL);
/*!40000 ALTER TABLE `jugador_equipos` ENABLE KEYS */;
UNLOCK TABLES;

--
-- Table structure for table `jugadors`
--

DROP TABLE IF EXISTS `jugadors`;
/*!40101 SET @saved_cs_client     = @@character_set_client */;
/*!50503 SET character_set_client = utf8mb4 */;
CREATE TABLE `jugadors` (
  `id` bigint unsigned NOT NULL AUTO_INCREMENT,
  `documento` varchar(255) COLLATE utf8mb4_unicode_ci NOT NULL,
  `tipo_documento` varchar(255) COLLATE utf8mb4_unicode_ci NOT NULL,
  `nombre` varchar(255) COLLATE utf8mb4_unicode_ci NOT NULL,
  `apellido` varchar(255) COLLATE utf8mb4_unicode_ci NOT NULL,
  `fecha_nac` date DEFAULT NULL,
  `num_socio` varchar(255) COLLATE utf8mb4_unicode_ci DEFAULT NULL,
  `telefono` varchar(255) COLLATE utf8mb4_unicode_ci DEFAULT NULL,
  `email` varchar(255) COLLATE utf8mb4_unicode_ci DEFAULT NULL,
  `direccion` varchar(255) COLLATE utf8mb4_unicode_ci DEFAULT NULL,
  `ciudad` varchar(255) COLLATE utf8mb4_unicode_ci DEFAULT NULL,
  `provincia` varchar(255) COLLATE utf8mb4_unicode_ci DEFAULT NULL,
  `cod_pos` varchar(255) COLLATE utf8mb4_unicode_ci DEFAULT NULL,
  `foto` varchar(255) COLLATE utf8mb4_unicode_ci DEFAULT NULL,
  `is_active` tinyint(1) NOT NULL DEFAULT '1',
  `created_at` timestamp NULL DEFAULT NULL,
  `updated_at` timestamp NULL DEFAULT NULL,
  `equipo_id` bigint unsigned NOT NULL,
  PRIMARY KEY (`id`),
  UNIQUE KEY `jugadors_documento_unique` (`documento`),
  KEY `jugadors_equipo_id_foreign` (`equipo_id`),
  CONSTRAINT `jugadors_equipo_id_foreign` FOREIGN KEY (`equipo_id`) REFERENCES `equipos` (`id`) ON DELETE CASCADE
) ENGINE=InnoDB AUTO_INCREMENT=663 DEFAULT CHARSET=utf8mb4 COLLATE=utf8mb4_unicode_ci;
/*!40101 SET character_set_client = @saved_cs_client */;

--
-- Dumping data for table `jugadors`
--

LOCK TABLES `jugadors` WRITE;
/*!40000 ALTER TABLE `jugadors` DISABLE KEYS */;
INSERT INTO `jugadors` VALUES (1,'30001671','dni','CESAR ALBERTO','ACEVEDO','1983-04-02','5','3777457878','cesaralberto@gmail.com','Corrientes 2000','Bella Vista','Corrientes','3432',NULL,1,'2025-03-22 02:25:37','2025-06-07 16:46:59',24),(2,'34656281','dni','CRISTIAN','ACEVEDO','1989-04-17',NULL,NULL,NULL,NULL,NULL,NULL,NULL,NULL,1,'2025-03-22 02:25:37','2025-03-25 17:03:49',24),(3,'28347897','dni','FERNANDO L.','ACEVEDO','1981-06-05',NULL,NULL,NULL,NULL,NULL,NULL,NULL,NULL,1,'2025-03-22 02:25:37','2025-03-29 18:14:50',28),(4,'32079146','dni','JULIO RICARDO','ACEVEY','1986-04-10',NULL,NULL,NULL,NULL,NULL,NULL,NULL,NULL,1,'2025-03-22 02:25:37','2025-03-29 18:17:05',14),(5,'28019706','dni','JOSE LUIS','ACHILLES','1980-03-12',NULL,NULL,NULL,NULL,NULL,NULL,NULL,NULL,1,'2025-03-22 02:25:37','2025-03-25 14:35:08',24),(6,'33304140','cuil','JOSE HIPOLITO','ACOSTA','1987-08-16',NULL,NULL,NULL,NULL,NULL,NULL,NULL,NULL,1,'2025-03-22 02:25:37','2025-05-01 01:08:32',17),(7,'33304050','dni','JORGE','ACOSTA','1987-07-06',NULL,NULL,NULL,NULL,NULL,NULL,NULL,NULL,1,'2025-03-22 02:25:37','2025-03-24 18:41:45',6),(8,'30874000','dni','ROBERTO MATIAS','ACOSTA','1984-05-25',NULL,NULL,NULL,NULL,NULL,NULL,NULL,NULL,1,'2025-03-22 02:25:37','2025-05-02 14:31:44',8),(9,'32289439','dni','DARIO RICARDO','ACOSTA','1986-02-15',NULL,NULL,NULL,NULL,NULL,NULL,NULL,NULL,1,'2025-03-22 02:25:37','2025-05-02 15:20:51',28),(10,'33802658','dni','ANDRES','AGUIRRE','1988-03-23','','','','','','','',NULL,1,'2025-03-22 02:25:37','2025-03-22 02:25:37',1),(11,'27893218','dni','CESAR','AGUIRRE','1980-06-30',NULL,NULL,NULL,NULL,NULL,NULL,NULL,NULL,1,'2025-03-22 02:25:37','2025-05-01 02:02:57',3),(12,'26487698','dni','HECTOR ALFREDO','AGUIRRE','1978-02-04',NULL,NULL,NULL,NULL,NULL,NULL,NULL,NULL,1,'2025-03-22 02:25:37','2025-05-01 02:14:01',9),(13,'31210684','dni','MARCELO ALEJANDRO','AGUIRRE','1989-11-21',NULL,NULL,NULL,NULL,NULL,NULL,NULL,NULL,1,'2025-03-22 02:25:37','2025-05-01 02:18:58',21),(14,'28347990','dni','RAMON FABIAN','AGUIRRE','1981-07-12',NULL,NULL,NULL,NULL,NULL,NULL,NULL,NULL,1,'2025-03-22 02:25:37','2025-05-02 14:27:21',23),(15,'29361215','dni','RAUL ALCIDES','AGUIRRE','1982-07-14',NULL,NULL,NULL,NULL,NULL,NULL,NULL,NULL,1,'2025-03-22 02:25:37','2025-05-02 15:12:04',27),(16,'27894030','dni','WALTER','ALARCON','1980-12-18',NULL,NULL,NULL,NULL,NULL,NULL,NULL,NULL,1,'2025-03-22 02:25:37','2025-03-25 14:50:22',6),(17,'32079078','dni','JORGE RAMON','ALARCON','1986-03-07',NULL,'3777677416',NULL,NULL,'Bella Vista','Corrientes','3432',NULL,1,'2025-03-22 02:25:37','2025-03-25 14:51:19',3),(18,'25454299','dni','PEDRO ALEXIS','ALDERETE','1976-12-08',NULL,NULL,NULL,NULL,NULL,NULL,NULL,NULL,1,'2025-03-22 02:25:37','2025-05-01 01:28:20',29),(19,'31666686','dni','JUAN','ALEGRE','1983-06-23',NULL,NULL,NULL,NULL,NULL,NULL,NULL,NULL,1,'2025-03-22 02:25:37','2025-05-01 01:28:34',1),(20,'30017301','dni','LUCIANO OSMAR','ALEGRE','1982-10-22',NULL,NULL,NULL,NULL,NULL,NULL,NULL,NULL,1,'2025-03-22 02:25:37','2025-05-01 01:28:49',25),(21,'29005983','dni','FERNANDO CESAR','ALEGRE','1982-11-26','','','','','','','',NULL,1,'2025-03-22 02:25:37','2025-03-22 02:25:37',1),(22,'34801431','dni','MARTIN','ALEGRE','1989-10-24',NULL,NULL,NULL,NULL,NULL,NULL,NULL,NULL,1,'2025-03-22 02:25:37','2025-05-02 14:31:53',8),(23,'23913779','dni','JOSE','ALEGRE','1976-08-22',NULL,NULL,NULL,NULL,NULL,NULL,NULL,NULL,1,'2025-03-22 02:25:37','2025-05-02 14:32:05',8),(24,'31525112','dni','FREDY OMAR','ALEGRE','1985-06-11',NULL,NULL,NULL,NULL,NULL,NULL,NULL,NULL,1,'2025-03-22 02:25:37','2025-05-02 15:05:50',12),(25,'31084551','dni','JOSE ADOLFO','ALEGRE','1985-04-01',NULL,NULL,NULL,NULL,NULL,NULL,NULL,NULL,1,'2025-03-22 02:25:37','2025-05-01 01:49:26',13),(26,'31210946','dni','GUSTAVO ALEJANDRO','ALEGRE','1985-04-26',NULL,NULL,NULL,NULL,NULL,NULL,NULL,NULL,1,'2025-03-22 02:25:37','2025-05-02 15:26:50',11),(27,'28347523','dni','ROBERTO HUGO','ALEGRE F.S.','1980-11-19',NULL,NULL,NULL,NULL,NULL,NULL,NULL,NULL,1,'2025-03-22 02:25:37','2025-05-01 01:17:52',1),(28,'33509761','dni','ANTONIO SABINO','ALFONSO','1988-02-26',NULL,NULL,NULL,NULL,NULL,NULL,NULL,NULL,1,'2025-03-22 02:25:37','2025-05-02 14:37:24',1),(29,'36445777','dni','RAMON ROBERTO','ALFONZO','1987-07-03',NULL,NULL,NULL,NULL,NULL,NULL,NULL,NULL,1,'2025-03-22 02:25:37','2025-05-01 01:58:28',7),(30,'29216009','dni','CARLOS','ALFONZO','1982-02-15','','','','','','','',NULL,1,'2025-03-22 02:25:37','2025-03-22 02:25:37',1),(31,'31210749','dni','OSCAR ALBERTO','ALFONZO','1986-07-01',NULL,NULL,NULL,NULL,NULL,NULL,NULL,NULL,1,'2025-05-01 01:29:52','2025-05-01 01:30:08',29),(32,'32802347','dni','JULIO CESAR','ALFONZO','1988-03-01',NULL,NULL,NULL,NULL,'Bella Vista','Corrientes','3432',NULL,1,'2025-06-07 18:09:29','2025-06-24 21:36:26',19),(33,'29411533','dni','ORLANDO OPORTO','ALI','1982-03-02',NULL,NULL,NULL,NULL,NULL,NULL,NULL,NULL,1,'2025-03-22 02:25:37','2025-05-02 14:37:36',24),(34,'30273715','dni','SERGIO DANIEL','ALMIRON','1983-03-01',NULL,NULL,NULL,NULL,NULL,NULL,NULL,NULL,1,'2025-03-22 02:25:37','2025-05-01 01:15:07',14),(35,'29663606','dni','SERGIO   VICENTE','ALMIRON','1982-07-07',NULL,NULL,NULL,NULL,NULL,NULL,NULL,NULL,1,'2025-03-22 02:25:37','2025-05-01 02:00:53',7),(36,'32079207','dni','NARCISO RAMON','ALMIRON','1986-05-18',NULL,NULL,NULL,NULL,NULL,NULL,NULL,NULL,1,'2025-03-22 02:25:37','2025-05-02 14:22:20',22),(37,'29807519','dni','JOSE LUIS','ALMIRON','1983-07-11',NULL,NULL,NULL,NULL,NULL,NULL,NULL,NULL,1,'2025-03-22 02:25:37','2025-05-02 14:51:38',5),(38,'27395852','dni','ALEJANDRO ANTONIO','ALMIRON','1979-04-26',NULL,NULL,NULL,NULL,NULL,NULL,NULL,NULL,1,'2025-03-22 02:25:37','2025-05-02 15:06:07',12),(39,'26776510','dni','DARIO','ALTAMIRANO','1978-09-15',NULL,NULL,NULL,NULL,NULL,NULL,NULL,NULL,1,'2025-03-22 02:25:37','2025-05-01 01:53:51',18),(40,'32319911','dni','JUAN RAMON','ALTAMIRANO','1986-03-05',NULL,NULL,NULL,NULL,NULL,NULL,NULL,NULL,1,'2025-03-22 02:25:37','2025-05-01 02:19:08',21),(41,'28019705','dni','RAUL D.','ALTAMIRANO','1980-02-08',NULL,NULL,NULL,NULL,NULL,NULL,NULL,NULL,1,'2025-03-22 02:25:37','2025-05-02 15:21:00',28),(42,'31690570','dni','YONI ENZO','ALVARADO','1985-11-17',NULL,NULL,NULL,NULL,NULL,NULL,NULL,NULL,1,'2025-03-22 02:25:37','2025-05-01 01:17:32',14),(43,'34218659','dni','CRISTIAN','ALVARENGA','1988-12-15',NULL,NULL,NULL,NULL,NULL,NULL,NULL,NULL,1,'2025-03-22 02:25:37','2025-05-01 02:14:11',9),(44,'36304066','dni','MARIO ALBERTO','AMARILLA','1990-10-19',NULL,NULL,NULL,NULL,NULL,NULL,NULL,NULL,1,'2025-03-22 02:25:37','2025-05-01 01:08:44',17),(45,'30779054','dni','ALBERTO D.','AMARILLA','1986-12-28',NULL,NULL,NULL,NULL,NULL,NULL,NULL,NULL,1,'2025-03-22 02:25:37','2025-05-01 01:49:36',13),(46,'28020073','dni','LUIS CARLOS','AMARILLA','1980-08-27',NULL,NULL,NULL,NULL,NULL,NULL,NULL,NULL,1,'2025-03-22 02:25:37','2025-05-01 02:14:19',9),(47,'18328470','dni','FRANCISCO RAMON','AMARILLA','1967-10-24',NULL,NULL,NULL,NULL,NULL,NULL,NULL,NULL,1,'2025-03-22 02:25:37','2025-05-01 02:14:30',9),(48,'23663803','dni','HECTOR','AMARILLA','1974-03-07','','','','','','','',NULL,1,'2025-03-22 02:25:37','2025-03-22 02:25:37',1),(49,'28347558','dni','JULIO','ANTUNE','1988-11-05',NULL,NULL,NULL,NULL,NULL,NULL,NULL,NULL,1,'2025-03-22 02:25:37','2025-05-01 01:20:52',6),(50,'34581028','dni','TOMAS','APARICIO','1989-06-12',NULL,NULL,NULL,NULL,NULL,NULL,NULL,NULL,1,'2025-03-22 02:25:37','2025-05-01 01:49:46',13),(51,'32821678','dni','JUAN MARTÍN','APARICIO','1986-12-20',NULL,NULL,NULL,NULL,NULL,NULL,NULL,NULL,1,'2025-03-22 02:25:37','2025-03-29 18:20:05',4),(52,'28741446','dni','DIEGO','APENDINO','1981-09-21',NULL,NULL,NULL,NULL,NULL,NULL,NULL,NULL,1,'2025-03-22 02:25:37','2025-05-01 02:06:41',26),(53,'32210806','dni','JOSE RAMON','AQUINO','1985-01-14',NULL,NULL,NULL,NULL,NULL,NULL,NULL,NULL,1,'2025-03-22 02:25:37','2025-05-01 01:24:18',16),(54,'34801493','dni','PABLO DANIEL','AQUINO','1989-11-24',NULL,NULL,NULL,NULL,NULL,NULL,NULL,NULL,1,'2025-03-22 02:25:37','2025-05-02 14:37:46',24),(55,'33983152','dni','ROQUE RENE','ARANDA','1988-08-06',NULL,NULL,NULL,NULL,NULL,NULL,NULL,NULL,1,'2025-03-22 02:25:37','2025-05-01 02:14:39',9),(56,'22371995','dni','JOSE','ARCE','1972-03-19','','','','','','','',NULL,1,'2025-03-22 02:25:37','2025-03-22 02:25:37',1),(57,'31412445','dni','SEBASTIAN EDUARDO','AREAN','1984-12-24',NULL,NULL,NULL,NULL,NULL,NULL,NULL,NULL,1,'2025-03-22 02:25:37','2025-05-02 14:37:56',24),(58,'27722843','dni','JORGE','ARECO','1981-11-07',NULL,NULL,NULL,NULL,NULL,NULL,NULL,NULL,1,'2025-03-22 02:25:37','2025-05-01 02:06:54',26),(59,'31250077','dni','JULIO ANDRES','AROCHA','1984-12-02',NULL,NULL,NULL,NULL,'Bella Vista','Corrientes','3432',NULL,1,'2025-06-07 16:56:12','2025-06-24 19:42:30',17),(60,'29301204','dni','LISANDRO','ARRUA','1982-07-11',NULL,NULL,NULL,NULL,NULL,NULL,NULL,NULL,1,'2025-03-22 02:25:37','2025-05-02 14:32:16',8),(61,'32970998','dni','BRUNO','AVALOS','1988-03-06',NULL,NULL,NULL,NULL,NULL,NULL,NULL,NULL,1,'2025-03-22 02:25:37','2025-05-01 01:08:55',1),(62,'27567183','dni','JUAN ANTONIO','AVALOS','1979-10-12',NULL,NULL,NULL,NULL,NULL,NULL,NULL,NULL,1,'2025-03-22 02:25:37','2025-05-01 01:54:15',18),(63,'24026217','dni','HUGO MAURO','AVALOS','1975-11-20',NULL,NULL,NULL,NULL,NULL,NULL,NULL,NULL,1,'2025-03-22 02:25:37','2025-05-01 01:54:25',18),(64,'26500879','dni','RAMON ALBERTO','AVALOS','1978-01-15',NULL,NULL,NULL,NULL,NULL,NULL,NULL,NULL,1,'2025-03-22 02:25:37','2025-05-01 02:07:03',19),(65,'34660096','dni','CRISTIAN SILVINO','AVALOS','1989-06-21',NULL,NULL,NULL,NULL,NULL,NULL,NULL,NULL,1,'2025-03-22 02:25:37','2025-05-02 14:22:32',22),(66,'32490061','dni','ANTONIO','AVALOS','1987-01-09',NULL,NULL,NULL,NULL,NULL,NULL,NULL,NULL,1,'2025-03-22 02:25:37','2025-05-02 14:51:51',26),(67,'30216629','dni','JORGE','BAEZ','1983-04-13',NULL,NULL,NULL,NULL,NULL,NULL,NULL,NULL,1,'2025-03-22 02:25:37','2025-05-02 14:38:05',24),(68,'33983267','dni','CRISTIAN DAVID','BAIZ','1988-09-28',NULL,NULL,NULL,NULL,NULL,NULL,NULL,NULL,1,'2025-03-22 02:25:37','2025-05-02 14:25:53',22),(69,'36113137','dni','CRISTIAN R.','BARBONA','1990-09-10',NULL,NULL,NULL,NULL,NULL,NULL,NULL,NULL,1,'2025-03-22 02:25:37','2025-05-01 01:23:46',6),(70,'30447009','dni','ANDRES HORACIO','BARBONA','1983-09-26',NULL,NULL,NULL,NULL,NULL,NULL,NULL,NULL,1,'2025-03-22 02:25:37','2025-05-02 14:52:01',26),(71,'35035021','dni','RAMIRO GERARDO','BARRIOS','1989-11-23',NULL,NULL,NULL,NULL,NULL,NULL,NULL,NULL,1,'2025-03-22 02:25:37','2025-05-01 01:00:00',5),(72,'32842422','dni','JOSE SEBASTIAN','BARRIOS','1989-03-05',NULL,NULL,NULL,NULL,NULL,NULL,NULL,NULL,1,'2025-03-22 02:25:37','2025-05-01 01:15:19',14),(73,'31690510','dni','RAUL','BARRIOS','1989-11-15',NULL,NULL,NULL,NULL,NULL,NULL,NULL,NULL,1,'2025-03-22 02:25:37','2025-05-01 01:21:03',28),(74,'35437320','dni','ANTONIO','BARRIOS','1990-01-22',NULL,NULL,NULL,NULL,NULL,NULL,NULL,NULL,1,'2025-03-22 02:25:37','2025-05-01 01:54:34',18),(75,'28940583','dni','HORACIO','BARRIOS','1981-08-05',NULL,NULL,NULL,NULL,NULL,NULL,NULL,NULL,1,'2025-03-22 02:25:37','2025-05-01 02:07:13',19),(76,'28347769','dni','MARTIN','BARRIOS','1981-03-09','','','','','','','',NULL,1,'2025-03-22 02:25:37','2025-03-22 02:25:37',1),(77,'35437353','dni','DANILO DAVID','BARRIOS','1990-12-02',NULL,NULL,NULL,NULL,NULL,NULL,NULL,NULL,1,'2025-03-22 02:25:37','2025-05-01 02:14:49',9),(78,'28019951','dni','DANIEL','BARRIOS','1980-06-20',NULL,NULL,NULL,NULL,NULL,NULL,NULL,NULL,1,'2025-03-22 02:25:37','2025-05-02 14:46:59',8),(79,'36304110','dni','EDUARDO','BARRIOS','1990-10-25',NULL,NULL,NULL,NULL,NULL,NULL,NULL,NULL,1,'2025-03-22 02:25:37','2025-05-02 15:12:14',27),(80,'34218650','dni','EMILIO DAVID','BARRIOS','1989-01-16',NULL,NULL,NULL,NULL,NULL,NULL,NULL,NULL,1,'2025-03-22 02:25:37','2025-05-02 15:16:53',10),(81,'28019927','dni','ESTEBAN','BARRIOS','1980-06-20',NULL,NULL,NULL,NULL,NULL,NULL,NULL,NULL,1,'2025-03-22 02:25:37','2025-05-01 01:21:13',6),(82,'30447003','dni','MIGUEL EDUARDO','BAZZI V.','1983-10-01',NULL,NULL,NULL,NULL,NULL,NULL,NULL,NULL,1,'2025-03-22 02:25:37','2025-05-01 01:49:57',13),(83,'34864120','dni','JONATHAN','BEHR','1990-03-07',NULL,NULL,NULL,NULL,NULL,NULL,NULL,NULL,1,'2025-03-22 02:25:37','2025-05-02 15:21:09',28),(84,'29518271','dni','DIEGO GREGORIO','BELAZQUEZ','1982-12-21',NULL,NULL,NULL,NULL,NULL,NULL,NULL,NULL,1,'2025-03-22 02:25:37','2025-06-04 22:55:47',1),(85,'31210602','dni','JOSE DANIEL','BENEGA','1984-11-03',NULL,NULL,NULL,NULL,NULL,NULL,NULL,NULL,1,'2025-03-22 02:25:37','2025-03-29 18:20:17',4),(86,'34656360','dni','CARLOS DARIO','BENEGA','1989-05-26',NULL,NULL,NULL,NULL,NULL,NULL,NULL,NULL,1,'2025-03-22 02:25:37','2025-05-02 15:13:24',19),(87,'32079154','dni','JORGE ALBERTO','BENEGAS','1986-03-29',NULL,NULL,NULL,NULL,NULL,NULL,NULL,NULL,1,'2025-03-22 02:25:37','2025-05-02 14:23:05',22),(88,'31210811','dni','DIEGO','BENITEZ','1985-01-14',NULL,NULL,NULL,NULL,NULL,NULL,NULL,NULL,1,'2025-03-22 02:25:37','2025-05-01 01:04:24',2),(89,'27881961','dni','GERMAN OLIMPIO','BENITEZ','1980-12-08',NULL,NULL,NULL,NULL,NULL,NULL,NULL,NULL,1,'2025-03-22 02:25:37','2025-05-01 01:09:04',17),(90,'31666617','dni','JUAN DAVID','BENITEZ','1985-06-30',NULL,NULL,NULL,NULL,NULL,NULL,NULL,NULL,1,'2025-03-22 02:25:37','2025-05-01 01:09:15',1),(91,'32802393','dni','CRISTIAN DARIO','BENITEZ','1987-03-12',NULL,NULL,NULL,NULL,NULL,NULL,NULL,NULL,1,'2025-03-22 02:25:37','2025-05-01 01:15:29',14),(92,'32079152','dni','NELSON OSCAR','BENITEZ','1986-04-12',NULL,NULL,NULL,NULL,NULL,NULL,NULL,NULL,1,'2025-03-22 02:25:37','2025-05-01 01:15:39',14),(93,'33164182','dni','ANTONIO','BENITEZ','1987-07-13',NULL,NULL,NULL,NULL,NULL,NULL,NULL,NULL,1,'2025-03-22 02:25:37','2025-05-01 01:58:20',7),(94,'33304145','dni','HORACIO','BENITEZ','1987-09-06',NULL,NULL,NULL,NULL,NULL,NULL,NULL,NULL,1,'2025-03-22 02:25:37','2025-05-01 02:07:22',29),(95,'34759314','dni','CLAUDIO MAURICIO','BENITEZ','1988-11-06',NULL,NULL,NULL,NULL,NULL,NULL,NULL,NULL,1,'2025-03-22 02:25:38','2025-05-01 02:07:32',19),(96,'28940992','dni','GERARDO CESAR','BENITEZ','1982-03-21',NULL,NULL,NULL,NULL,NULL,NULL,NULL,NULL,1,'2025-03-22 02:25:38','2025-05-01 02:10:19',20),(97,'33959273','dni','DANIEL','BENITEZ','1988-09-24',NULL,NULL,NULL,NULL,NULL,NULL,NULL,NULL,1,'2025-03-22 02:25:38','2025-05-02 14:27:33',23),(98,'22878930','dni','GABRIEL E.','BENITEZ','1972-11-19',NULL,NULL,NULL,NULL,NULL,NULL,NULL,NULL,1,'2025-03-22 02:25:38','2025-05-02 14:32:26',8),(99,'31210859','dni','MARCELO','BENITEZ','1985-03-09',NULL,NULL,NULL,NULL,NULL,NULL,NULL,NULL,1,'2025-03-22 02:25:38','2025-05-02 14:32:36',8),(100,'35439563','dni','NELSON DAVID','BENITEZ','1990-07-18',NULL,NULL,NULL,NULL,NULL,NULL,NULL,NULL,1,'2025-03-22 02:25:38','2025-05-02 14:45:37',1),(101,'34801274','dni','WALTER MAURICIO','BENITEZ','1989-09-03',NULL,NULL,NULL,NULL,NULL,NULL,NULL,NULL,1,'2025-03-22 02:25:38','2025-05-02 15:27:03',11),(102,'32079009','dni','HUMBERTO G.','BENITEZ','1986-01-29',NULL,NULL,NULL,NULL,NULL,NULL,NULL,NULL,1,'2025-03-22 02:25:38','2025-05-02 15:27:16',11),(103,'31690504','dni','MAXI RODRIGO','BENITEZ','1985-11-23',NULL,NULL,NULL,NULL,NULL,NULL,NULL,NULL,1,'2025-03-22 02:25:38','2025-05-01 01:50:07',13),(104,'29478331','dni','ALEJANDRO','BENITEZ','1982-04-06',NULL,NULL,NULL,NULL,NULL,NULL,NULL,NULL,1,'2025-03-22 02:25:38','2025-05-02 15:17:15',10),(105,'33063623','dni','VICTOR','BENITEZ','1988-06-03',NULL,NULL,NULL,NULL,NULL,NULL,NULL,NULL,1,'2025-05-01 01:30:47','2025-05-01 01:31:02',29),(106,'32079126','dni','LUIS FABIAN','BERRUTI','1985-09-03',NULL,NULL,NULL,NULL,NULL,NULL,NULL,NULL,1,'2025-03-22 02:25:38','2025-05-02 14:23:24',1),(107,'23437228','dni','HUGO LEONARDO','BERTRAN','1973-09-25',NULL,NULL,NULL,NULL,NULL,NULL,NULL,NULL,1,'2025-03-22 02:25:38','2025-05-02 14:22:42',22),(108,'25518193','dni','FABIAN VICENTE','BERTRAN','1982-11-18',NULL,NULL,NULL,NULL,NULL,NULL,NULL,NULL,1,'2025-03-22 02:25:38','2025-05-02 14:22:53',22),(109,'32802299','dni','HORACIO ANDRES','BERTRAN','1987-02-09',NULL,NULL,NULL,NULL,NULL,NULL,NULL,NULL,1,'2025-03-22 02:25:38','2025-05-02 14:23:38',22),(110,'20088037','dni','FAUSTINO','BERTRAN','1968-01-21',NULL,NULL,NULL,NULL,NULL,NULL,NULL,NULL,1,'2025-03-22 02:25:38','2025-05-02 14:25:15',22),(111,'25454183','dni','NESTOR','BIANCARDI','1976-10-08','','','','','','','',NULL,1,'2025-03-22 02:25:38','2025-03-22 02:25:38',1),(112,'32388845','dni','CARLOS MANUEL','BILLORDO','1986-08-16',NULL,NULL,NULL,NULL,NULL,NULL,NULL,NULL,1,'2025-03-22 02:25:38','2025-05-01 01:50:18',13),(113,'33983149','dni','NICOLAS','BILLORDO','1988-07-08',NULL,NULL,NULL,NULL,NULL,NULL,NULL,NULL,1,'2025-03-22 02:25:38','2025-05-02 14:47:28',4),(114,'33451013','dni','SERGIO RICARDO','BOGADO','1987-10-18',NULL,NULL,NULL,NULL,NULL,NULL,NULL,NULL,1,'2025-03-22 02:25:38','2025-05-01 01:21:23',6),(115,'33959254','dni','GUSTAVO DAVID','BOLLE','1988-04-06',NULL,NULL,NULL,NULL,NULL,NULL,NULL,NULL,1,'2025-03-22 02:25:38','2025-05-01 01:09:25',17),(116,'34656493','dni','FERNANDO LUIS','BOLLE','1989-06-27',NULL,NULL,NULL,NULL,NULL,NULL,NULL,NULL,1,'2025-03-22 02:25:38','2025-05-02 15:12:23',27),(117,'34218525','dni','WALTER FABIAN','BOLLE','1990-11-03',NULL,NULL,NULL,NULL,'Bella Vista','Corrientes','3432',NULL,1,'2025-06-07 17:27:15','2025-06-24 19:47:59',21),(118,'30779276','dni','MAURICIO ALBERTO','BOUCHARD','1984-05-06',NULL,NULL,NULL,NULL,NULL,NULL,NULL,NULL,1,'2025-03-22 02:25:38','2025-05-01 02:10:27',20),(119,'33451045','dni','HERNÁN','BRIEND','1986-11-27',NULL,NULL,NULL,NULL,NULL,NULL,NULL,NULL,1,'2025-03-22 02:25:38','2025-05-02 15:17:26',10),(120,'28993479','dni','ANTONIO','BRITEZ','1981-12-25',NULL,NULL,NULL,NULL,NULL,NULL,NULL,NULL,1,'2025-03-22 02:25:38','2025-05-02 14:52:13',26),(121,'26698321','dni','JULIO','BRUNEBERG','1978-09-07',NULL,NULL,NULL,NULL,NULL,NULL,NULL,NULL,1,'2025-03-22 02:25:38','2025-06-04 22:57:56',1),(122,'21868223','dni','MIGUEL','BRUZZO','1971-12-25',NULL,NULL,NULL,NULL,NULL,NULL,NULL,NULL,1,'2025-03-22 02:25:38','2025-05-02 15:17:35',10),(123,'33304038','dni','CESAR LEANDRO','BURGOS','1987-07-16',NULL,NULL,NULL,NULL,NULL,NULL,NULL,NULL,1,'2025-03-22 02:25:38','2025-05-01 01:00:15',5),(124,'30273671','dni','ANIBAL RAMON','BURGOS','1983-07-22',NULL,NULL,NULL,NULL,NULL,NULL,NULL,NULL,1,'2025-03-22 02:25:38','2025-06-04 23:10:04',1),(125,'34660115','dni','LISANDRO','BURGOS','1989-08-10',NULL,NULL,NULL,NULL,NULL,NULL,NULL,NULL,1,'2025-03-22 02:25:38','2025-05-02 14:33:05',8),(126,'30447010','dni','JOSE HORACIO R.','CABALLERO','1983-08-21',NULL,NULL,NULL,NULL,NULL,NULL,NULL,NULL,1,'2025-03-22 02:25:38','2025-05-01 01:00:30',5),(127,'30210001','dni','JUAN EDUARDO','CABALLERO','1983-05-14',NULL,NULL,NULL,NULL,NULL,NULL,NULL,NULL,1,'2025-03-22 02:25:38','2025-05-01 01:04:40',2),(128,'34006323','dni','FABIAN','CABALLERO','1988-08-14',NULL,NULL,NULL,NULL,NULL,NULL,NULL,NULL,1,'2025-03-22 02:25:38','2025-05-01 02:03:16',3),(129,'28019899','dni','GASTÓN A.','CABALLERO','1980-06-14',NULL,NULL,NULL,NULL,NULL,NULL,NULL,NULL,1,'2025-03-22 02:25:38','2025-05-02 14:33:15',8),(130,'27868643','dni','ENRIQUE','CABALLERO','1990-08-15',NULL,NULL,NULL,NULL,NULL,NULL,NULL,NULL,1,'2025-03-22 02:25:38','2025-05-02 14:33:27',8),(131,'34081206','dni','RUBEN ARIEL','CABALLERO','1988-07-19',NULL,NULL,NULL,NULL,NULL,NULL,NULL,NULL,1,'2025-03-22 02:25:38','2025-05-02 14:38:15',24),(132,'23437259','dni','SALVADOR','CABALLERO','1973-09-30','','','','','','','',NULL,1,'2025-03-22 02:25:38','2025-03-22 02:25:38',1),(133,'21367282','dni','OSVALDO','CABALLERO','1970-04-04','','','','','','','',NULL,1,'2025-03-22 02:25:38','2025-03-22 02:25:38',1),(134,'32005774','dni','JUAN MANUEL','CABRAL','1985-11-19',NULL,NULL,NULL,NULL,NULL,NULL,NULL,NULL,1,'2025-03-22 02:25:38','2025-05-01 01:00:50',5),(135,'35437404','dni','RUBEN DARIO','CABRAL','1990-05-30',NULL,NULL,NULL,NULL,NULL,NULL,NULL,NULL,1,'2025-03-22 02:25:38','2025-05-02 15:27:25',11),(136,'30447119','dni','VICTOR HUGO','CABRERA','1983-11-21',NULL,NULL,NULL,NULL,NULL,NULL,NULL,NULL,1,'2025-03-22 02:25:38','2025-05-02 15:17:45',10),(137,'31971929','dni','ORLANDO EZEQUIEL','CACERES','2025-05-05',NULL,NULL,NULL,NULL,NULL,NULL,NULL,NULL,1,'2025-05-29 15:56:04','2025-05-29 15:56:42',17),(138,'26772840','dni','MARIO','CAÑETE','1978-06-28',NULL,NULL,NULL,NULL,NULL,NULL,NULL,NULL,1,'2025-03-22 02:25:38','2025-05-02 15:12:43',27),(139,'27866560','dni','NORBERTO MIGUEL','CAÑETE','1980-02-20','','','','','','','',NULL,1,'2025-03-22 02:25:38','2025-03-22 02:25:38',1),(140,'36304135','dni','HUGO','CANO','1990-11-03',NULL,NULL,NULL,NULL,NULL,NULL,NULL,NULL,1,'2025-03-22 02:25:38','2025-05-01 01:18:03',14),(141,'32970995','dni','IGNACIO','CANO','1988-02-11',NULL,NULL,NULL,NULL,NULL,NULL,NULL,NULL,1,'2025-03-22 02:25:38','2025-05-01 02:07:41',25),(142,'29518021','dni','MANUEL','CANO','1982-08-19',NULL,NULL,NULL,NULL,NULL,NULL,NULL,NULL,1,'2025-03-22 02:25:38','2025-05-02 15:17:53',10),(143,'28347532','dni','JULIO RICARDO','CANTERO','1980-11-24',NULL,NULL,NULL,NULL,NULL,NULL,NULL,NULL,1,'2025-03-22 02:25:38','2025-05-01 02:10:37',20),(144,'34218615','dni','LISANDRO','CANTEROS','1989-01-28',NULL,NULL,NULL,NULL,NULL,NULL,NULL,NULL,1,'2025-03-22 02:25:38','2025-05-10 17:04:42',2),(145,'36304094','dni','SAUL DANTE','CANTEROS','1990-10-22',NULL,NULL,NULL,NULL,NULL,NULL,NULL,NULL,1,'2025-03-22 02:25:38','2025-05-02 14:42:20',1),(146,'31690335','dni','RAMON MARCELO','CANTEROS','1985-09-21',NULL,NULL,NULL,NULL,NULL,NULL,NULL,NULL,1,'2025-03-22 02:25:38','2025-05-02 15:27:32',11),(147,'21996565','dni','FELIX FABIAN','CARBALLO','1971-11-12',NULL,NULL,NULL,NULL,NULL,NULL,NULL,NULL,1,'2025-03-22 02:25:38','2025-05-02 15:18:03',10),(148,'33983039','dni','RAUL','CARCAÑO','1988-06-23',NULL,NULL,NULL,NULL,NULL,NULL,NULL,NULL,1,'2025-03-22 02:25:38','2025-03-29 18:17:57',4),(149,'33063798','dni','GASTON M.','CARCAÑO','1987-06-26',NULL,NULL,NULL,NULL,NULL,NULL,NULL,NULL,1,'2025-03-22 02:25:38','2025-03-29 18:18:11',4),(150,'31690569','dni','FEDERICO','CARCAÑO','1986-01-09',NULL,NULL,NULL,NULL,NULL,NULL,NULL,NULL,1,'2025-03-22 02:25:38','2025-03-29 18:18:33',4),(151,'33418550','dni','MARIO ABEL','CARDOZO','1988-04-01',NULL,NULL,NULL,NULL,NULL,NULL,NULL,NULL,1,'2025-03-22 02:25:38','2025-05-01 01:09:37',17),(152,'30273696','dni','CARLOS JAVIER','CARDOZO','1983-07-31',NULL,NULL,NULL,NULL,NULL,NULL,NULL,NULL,1,'2025-03-22 02:25:38','2025-05-01 02:15:09',9),(153,'30017347','dni','GUILLERMO','CARDOZO','1983-03-18',NULL,NULL,NULL,NULL,NULL,NULL,NULL,NULL,1,'2025-03-22 02:25:38','2025-05-02 14:52:35',26),(154,'27881910','dni','RENE DAMIAN','CASCO','1979-07-04',NULL,NULL,NULL,NULL,NULL,NULL,NULL,NULL,1,'2025-03-22 02:25:38','2025-05-01 01:24:36',16),(155,'30780073','dni','CLAUDIO ENRIQUE','CASCO','1984-04-05',NULL,NULL,NULL,NULL,NULL,NULL,NULL,NULL,1,'2025-03-22 02:25:38','2025-05-01 01:24:53',16),(156,'27881984','dni','ANIBAL MAXIMO','CASCO','1984-08-27',NULL,NULL,NULL,NULL,NULL,NULL,NULL,NULL,1,'2025-03-22 02:25:38','2025-05-02 15:12:53',27),(157,'26118821','dni','CLAUDIO GASTON','CATTIVELLI S.','1977-07-28',NULL,NULL,NULL,NULL,NULL,NULL,NULL,NULL,1,'2025-03-22 02:25:38','2025-05-02 15:13:02',27),(158,'26698408','dni','SIXTO DOMINGO','CENTURION','1978-08-27',NULL,NULL,NULL,NULL,NULL,NULL,NULL,NULL,1,'2025-03-22 02:25:38','2025-05-02 15:18:11',10),(159,'26698349','dni','DANIEL','CENTURION','1978-07-06',NULL,NULL,NULL,NULL,NULL,NULL,NULL,NULL,1,'2025-03-22 02:25:38','2025-05-02 15:21:18',28),(160,'29796895','dni','CRISTIAN ANTONIO','CHAMORRO','1982-11-05',NULL,NULL,NULL,NULL,NULL,NULL,NULL,NULL,1,'2025-03-22 02:25:38','2025-05-31 17:31:56',2),(161,'34864107','dni','SEBASTIAN','CHAMORRO','1989-10-15',NULL,NULL,NULL,NULL,NULL,NULL,NULL,NULL,1,'2025-03-22 02:25:38','2025-05-01 01:09:53',17),(162,'33451422','dni','JUAN RAMON','CHAMORRO','1987-04-02',NULL,NULL,NULL,NULL,NULL,NULL,NULL,NULL,1,'2025-03-22 02:25:38','2025-05-01 01:11:03',17),(163,'35035907','dni','JOHAN WILFREDO','CHAMORRO','1989-09-18',NULL,NULL,NULL,NULL,NULL,NULL,NULL,NULL,1,'2025-03-22 02:25:38','2025-05-01 02:10:46',20),(164,'37718354','dni','LISANDRO OMAR','CHAMORRO','1987-03-07',NULL,NULL,NULL,NULL,NULL,NULL,NULL,NULL,1,'2025-03-22 02:25:38','2025-05-01 02:10:58',20),(165,'28318530','dni','CLAUDIO MARCELO','CHAMORRO','1980-11-12',NULL,NULL,NULL,NULL,NULL,NULL,NULL,NULL,1,'2025-03-22 02:25:38','2025-05-02 15:18:20',10),(166,'32839235','dni','IGNACIO','CHAMORRO','1989-03-04',NULL,NULL,NULL,NULL,'Bella Vista','Corrientes','3432',NULL,1,'2025-06-07 16:58:14','2025-06-24 19:42:46',17),(167,'28022328','dni','SERGIO DANIEL','CHAVES','1981-08-09',NULL,NULL,NULL,NULL,NULL,NULL,NULL,NULL,1,'2025-03-22 02:25:38','2025-05-01 01:25:02',16),(168,'32490038','dni','JUAN CARLOS','CHAVEZ','1987-01-21',NULL,NULL,NULL,NULL,NULL,NULL,NULL,NULL,1,'2025-03-22 02:25:38','2025-05-02 15:27:41',11),(169,'35590955','dni','HECTOR M.','COCIO SOSA','1990-04-27',NULL,NULL,NULL,NULL,NULL,NULL,NULL,NULL,1,'2025-03-22 02:25:38','2025-05-02 15:27:50',1),(170,'28044658','dni','JUAN JOSE','COITIÑO','1980-07-10',NULL,NULL,NULL,NULL,'Bella Vista','Corrientes','3432',NULL,1,'2025-06-11 16:12:52','2025-06-24 19:42:07',20),(171,'30898367','dni','RAFAEL MATIAS','COMISARIO','1984-04-07',NULL,NULL,NULL,NULL,NULL,NULL,NULL,NULL,1,'2025-03-22 02:25:38','2025-05-02 15:06:38',12),(172,'31420202','dni','JUAN NICOLAS','CORREA','1985-04-11',NULL,NULL,NULL,NULL,NULL,NULL,NULL,NULL,1,'2025-03-22 02:25:38','2025-05-01 01:01:03',5),(173,'27133174','dni','RODRIGO A.','CORREA','1979-02-09',NULL,NULL,NULL,NULL,NULL,NULL,NULL,NULL,1,'2025-03-22 02:25:38','2025-06-04 23:19:39',1),(174,'33063619','dni','ALEJANDRO','COSTA','1987-01-21',NULL,NULL,NULL,NULL,NULL,NULL,NULL,NULL,1,'2025-03-22 02:25:38','2025-05-02 14:42:33',25),(175,'32388736','dni','MAURICIO ALEXIS','CRUZ','1986-06-06',NULL,NULL,NULL,NULL,NULL,NULL,NULL,NULL,1,'2025-03-22 02:25:38','2025-05-01 02:19:16',21),(176,'29361155','dni','JUAN M.','CUEVAS','1982-06-15',NULL,NULL,NULL,NULL,NULL,NULL,NULL,NULL,1,'2025-03-22 02:25:38','2025-05-01 01:50:29',13),(177,'31690552','dni','DAVID','CUEVAS','1986-01-05',NULL,NULL,NULL,NULL,NULL,NULL,NULL,NULL,1,'2025-03-22 02:25:38','2025-05-01 01:50:41',13),(178,'32718395','dni','LUIS MIGUEL','CUSTILLO','1987-09-26',NULL,NULL,NULL,NULL,NULL,NULL,NULL,NULL,1,'2025-03-22 02:25:38','2025-05-01 01:05:03',2),(179,'35437333','dni','MIGUEL ANGEL','CUTIRIANO','1990-03-11',NULL,NULL,NULL,NULL,NULL,NULL,NULL,NULL,1,'2025-03-22 02:25:38','2025-05-01 01:15:50',14),(180,'32388764','dni','ANIBAL H.','DAL POSSOLO','1986-05-20',NULL,NULL,NULL,NULL,NULL,NULL,NULL,NULL,1,'2025-03-22 02:25:38','2025-05-02 14:33:37',8),(181,'28765735','dni','DIEGO RAMON','DE MOURA','1981-07-10',NULL,NULL,NULL,NULL,NULL,NULL,NULL,NULL,1,'2025-03-22 02:25:38','2025-05-01 02:07:50',19),(182,'30001747','dni','ESTEBAN NICOLAS','DENEGRI','1983-04-28',NULL,NULL,NULL,NULL,NULL,NULL,NULL,NULL,1,'2025-03-22 02:25:38','2025-05-01 02:19:27',21),(183,'28182003','dni','GUSTAVO J.','DIAZ','1980-04-20',NULL,NULL,NULL,NULL,NULL,NULL,NULL,NULL,1,'2025-03-22 02:25:38','2025-05-01 02:11:07',20),(184,'27395875','dni','JOSE ARIEL','DOMINGUEZ','1979-05-12',NULL,NULL,NULL,NULL,NULL,NULL,NULL,NULL,1,'2025-03-22 02:25:38','2025-05-01 01:54:44',1),(185,'32398792','dni','JOSE LUIS','DOMINGUEZ','1985-11-20',NULL,NULL,NULL,NULL,NULL,NULL,NULL,NULL,1,'2025-03-22 02:25:38','2025-05-02 14:23:49',1),(186,'33802619','dni','EMANUEL','DUARTE','1988-03-06',NULL,NULL,NULL,NULL,NULL,NULL,NULL,NULL,1,'2025-03-22 02:25:38','2025-05-01 02:07:59',19),(187,'31972494','dni','MARIANO HERNAN','DUARTE','1986-09-21',NULL,NULL,NULL,NULL,NULL,NULL,NULL,NULL,1,'2025-03-22 02:25:38','2025-05-01 02:11:16',20),(188,'18837264','dni','LUCAS MARTIN','DUARTE','1986-10-21',NULL,NULL,NULL,NULL,NULL,NULL,NULL,NULL,1,'2025-03-22 02:25:38','2025-05-02 15:27:59',11),(189,'32802280','dni','LUIS MIGUEL','ELORRIETA','1987-02-06',NULL,NULL,NULL,NULL,NULL,NULL,NULL,NULL,1,'2025-03-22 02:25:38','2025-05-02 15:06:48',2),(190,'33802778','dni','PEDRO LUIS','ENCINA','1988-05-26',NULL,NULL,NULL,NULL,NULL,NULL,NULL,NULL,1,'2025-03-22 02:25:38','2025-05-27 18:28:41',29),(191,'34864113','dni','JUAN CARLOS','ESCALANTE','1990-01-28',NULL,NULL,NULL,NULL,NULL,NULL,NULL,NULL,1,'2025-03-22 02:25:38','2025-05-01 01:31:25',29),(192,'32839279','dni','GERMAN','ESCALANTE','1989-01-20',NULL,NULL,NULL,NULL,NULL,NULL,NULL,NULL,1,'2025-03-22 02:25:38','2025-05-02 15:21:37',28),(193,'35035925','dni','CARMELO VIRGINIO','ESCOBAR','1990-02-17',NULL,NULL,NULL,NULL,NULL,NULL,NULL,NULL,1,'2025-03-22 02:25:38','2025-05-31 17:33:02',2),(194,'27889242','dni','PORFIDIO EUSTAQUIO','ESCOBAR','1981-01-02',NULL,NULL,NULL,NULL,NULL,NULL,NULL,NULL,1,'2025-03-22 02:25:38','2025-05-01 01:11:34',17),(195,'31023115','dni','ARNALDO FABIAN','ESCOBAR','1984-09-23',NULL,NULL,NULL,NULL,NULL,NULL,NULL,NULL,1,'2025-03-22 02:25:38','2025-05-01 01:11:46',17),(196,'29518077','dni','JOSE RAMON','ESCOBAR','1982-08-25',NULL,NULL,NULL,NULL,NULL,NULL,NULL,NULL,1,'2025-03-22 02:25:38','2025-05-01 02:15:18',9),(197,'29361232','dni','LUIS','ESCOBAR','1982-10-05',NULL,NULL,NULL,NULL,NULL,NULL,NULL,NULL,1,'2025-03-22 02:25:38','2025-05-01 02:15:27',9),(198,'30001615','dni','CARLOS JAVIER','ESCOBAR','1983-01-31',NULL,NULL,NULL,NULL,NULL,NULL,NULL,NULL,1,'2025-03-22 02:25:38','2025-05-01 02:15:36',9),(199,'33983023','dni','EDUARDO JONATAN','ESPINDOLA','1988-06-21',NULL,NULL,NULL,NULL,NULL,NULL,NULL,NULL,1,'2025-03-22 02:25:38','2025-05-02 14:42:46',25),(200,'29518024','dni','HUGO','F. STRINATTI','1982-08-28',NULL,NULL,NULL,NULL,NULL,NULL,NULL,NULL,1,'2025-03-22 02:25:38','2025-05-01 01:05:24',2),(201,'31666554','dni','OSCAR','FALCON','1985-05-08',NULL,NULL,NULL,NULL,NULL,NULL,NULL,NULL,1,'2025-03-22 02:25:38','2025-05-02 15:28:10',11),(202,'25454260','dni','JORGE ENRIQUE','FARIA','1976-11-24',NULL,NULL,NULL,NULL,NULL,NULL,NULL,NULL,1,'2025-03-22 02:25:38','2025-03-29 18:25:00',3),(203,'28359209','dni','FILIBERTO','FERNANDEZ','1981-07-03',NULL,NULL,NULL,NULL,NULL,NULL,NULL,NULL,1,'2025-03-22 02:25:38','2025-05-01 01:05:38',2),(204,'27893196','dni','JOSE EDUARDO','FERNANDEZ','1980-06-19',NULL,NULL,NULL,NULL,NULL,NULL,NULL,NULL,1,'2025-03-22 02:25:38','2025-05-01 01:11:58',17),(205,'30779485','dni','CARLOS ALBERTO','FERNANDEZ','1984-08-28',NULL,NULL,NULL,NULL,NULL,NULL,NULL,NULL,1,'2025-03-22 02:25:38','2025-05-01 01:16:02',14),(206,'23131414','dni','JUAN','FERNANDEZ','1969-02-13',NULL,NULL,NULL,NULL,NULL,NULL,NULL,NULL,1,'2025-03-22 02:25:38','2025-05-01 01:23:35',6),(207,'33304167','dni','ELISANDRO MATIAS','FERNANDEZ','1987-09-11',NULL,NULL,NULL,NULL,NULL,NULL,NULL,NULL,1,'2025-03-22 02:25:38','2025-05-01 01:54:53',18),(208,'31690549','dni','CRISTIAN GABRIEL','FERNANDEZ','1986-01-03',NULL,NULL,NULL,NULL,NULL,NULL,NULL,NULL,1,'2025-03-22 02:25:38','2025-05-01 02:05:04',3),(209,'34759110','dni','ALEJANDRO B.','FERNANDEZ','1989-07-12',NULL,NULL,NULL,NULL,NULL,NULL,NULL,NULL,1,'2025-03-22 02:25:38','2025-05-01 02:05:30',3),(210,'30273698','dni','ADRIAN','FERNANDEZ','1983-07-25',NULL,NULL,NULL,NULL,NULL,NULL,NULL,NULL,1,'2025-03-22 02:25:38','2025-05-01 02:08:09',19),(211,'33451058','dni','MILTON ARNALDO','FERNANDEZ','1987-11-11',NULL,NULL,NULL,NULL,NULL,NULL,NULL,NULL,1,'2025-03-22 02:25:38','2025-06-24 19:49:31',3),(212,'35437471','dni','ELTON JAVIER','FERNANDEZ','1990-07-26',NULL,NULL,NULL,NULL,NULL,NULL,NULL,NULL,1,'2025-03-22 02:25:38','2025-05-01 02:11:36',20),(213,'33983257','dni','GABRIEL RUBEN','FERNANDEZ','1988-07-28',NULL,NULL,NULL,NULL,NULL,NULL,NULL,NULL,1,'2025-03-22 02:25:38','2025-05-01 02:19:37',21),(214,'34210557','dni','LEONARDO E.','FERNANDEZ','1968-08-17',NULL,NULL,NULL,NULL,NULL,NULL,NULL,NULL,1,'2025-03-22 02:25:38','2025-05-02 14:27:54',1),(215,'31210719','dni','FABIAN','FERNANDEZ','1985-01-01',NULL,NULL,NULL,NULL,NULL,NULL,NULL,NULL,1,'2025-03-22 02:25:38','2025-05-02 14:33:48',8),(216,'33063655','dni','FABIAN','FERNANDEZ','1987-03-30',NULL,NULL,NULL,NULL,NULL,NULL,NULL,NULL,1,'2025-03-22 02:25:38','2025-05-02 14:42:56',25),(217,'32143825','dni','EZEQUIEL GUSTAVO','FERNANDEZ','1986-04-03',NULL,NULL,NULL,NULL,NULL,NULL,NULL,NULL,1,'2025-03-22 02:25:38','2025-05-02 14:48:08',4),(218,'27762612','dni','JAVIER AMILCAR','FERNANDEZ','1980-01-11',NULL,NULL,NULL,NULL,NULL,NULL,NULL,NULL,1,'2025-03-22 02:25:38','2025-05-02 14:50:56',4),(219,'29796818','dni','DANIEL','FERNANDEZ','1982-09-03',NULL,NULL,NULL,NULL,NULL,NULL,NULL,NULL,1,'2025-03-22 02:25:38','2025-05-02 14:52:45',26),(220,'30546085','dni','ESTEBAN','FERNANDEZ','1984-01-01',NULL,NULL,NULL,NULL,NULL,NULL,NULL,NULL,1,'2025-03-22 02:25:38','2025-05-02 14:52:58',26),(221,'30252870','dni','WALTER','FERNANDEZ','1984-05-21',NULL,NULL,NULL,NULL,NULL,NULL,NULL,NULL,1,'2025-03-22 02:25:38','2025-05-02 14:53:07',26),(222,'31210630','dni','GONZALO S.','FERNANDEZ','1984-11-16',NULL,NULL,NULL,NULL,NULL,NULL,NULL,NULL,1,'2025-03-22 02:25:38','2025-05-02 15:06:57',12),(223,'32388795','dni','DAVID ORLINDO','FERNANDEZ','1986-07-18',NULL,NULL,NULL,NULL,NULL,NULL,NULL,NULL,1,'2025-03-22 02:25:38','2025-05-02 15:07:08',12),(224,'32317853','dni','CRISTIAN EMANUEL','FERNANDEZ','1986-01-04',NULL,NULL,NULL,NULL,NULL,NULL,NULL,NULL,1,'2025-03-22 02:25:38','2025-05-02 15:08:41',12),(225,'34300690','dni','RAUL','FERNANDEZ','1988-12-16',NULL,NULL,NULL,NULL,NULL,NULL,NULL,NULL,1,'2025-03-22 02:25:38','2025-05-02 15:08:52',1),(226,'22731792','dni','JOSE','FERNANDEZ','1972-06-07','','','','','','','',NULL,1,'2025-03-22 02:25:38','2025-03-22 02:25:38',1),(227,'31666787','dni','EDUARDO PABLO','FERNÁNDEZ','1985-09-09',NULL,NULL,NULL,NULL,NULL,NULL,NULL,NULL,1,'2025-03-22 02:25:38','2025-05-02 15:28:17',11),(228,'33063663','dni','LUIS ANTONIO','FERNANDEZ','1987-04-03',NULL,NULL,NULL,NULL,NULL,NULL,NULL,NULL,1,'2025-03-22 02:25:38','2025-05-01 02:15:44',9),(229,'30273755','dni','HORACIO NAZARENO','FERNANDEZ','1975-01-08',NULL,NULL,NULL,NULL,NULL,NULL,NULL,NULL,1,'2025-03-22 02:25:38','2025-05-02 15:13:12',1),(230,'32388940','dni','CESAR ARIEL','FERREIRA STRINATTI','1986-10-17',NULL,NULL,NULL,NULL,NULL,NULL,NULL,NULL,1,'2025-03-22 02:25:38','2025-05-01 02:19:46',21),(231,'33792447','dni','JOSE ALFREDO','FERREYRA','1988-05-24',NULL,NULL,NULL,NULL,NULL,NULL,NULL,NULL,1,'2025-03-22 02:25:38','2025-05-21 01:12:21',27),(232,'32388983','dni','RAUL ALEJANDRO','FERREYRO','1986-10-20',NULL,NULL,NULL,NULL,NULL,NULL,NULL,NULL,1,'2025-03-22 02:25:38','2025-05-01 02:05:39',3),(233,'23390151','dni','DANIEL','FEU','1973-07-31','','','','','','','',NULL,1,'2025-03-22 02:25:38','2025-03-22 02:25:38',1),(234,'35035213','dni','DIEGO','FEYEN','1990-03-31',NULL,NULL,NULL,NULL,NULL,NULL,NULL,NULL,1,'2025-03-22 02:25:38','2025-05-01 01:05:49',2),(235,'28019981','dni','JUAN JOSÉ','FEYEN','1980-06-27',NULL,NULL,NULL,NULL,NULL,NULL,NULL,NULL,1,'2025-03-22 02:25:38','2025-05-02 14:33:59',8),(236,'26500825','dni','WALDEMAR','FLORENTIN','1978-03-24',NULL,NULL,NULL,NULL,NULL,NULL,NULL,NULL,1,'2025-03-22 02:25:38','2025-05-01 01:12:10',17),(237,'33636623','dni','BRUNO IVAN','FLORENTIN','1988-02-04',NULL,NULL,NULL,NULL,NULL,NULL,NULL,NULL,1,'2025-03-22 02:25:38','2025-05-01 02:13:27',20),(238,'35035012','dni','JORGE ANTONIO','FLORES','1989-11-24',NULL,NULL,NULL,NULL,NULL,NULL,NULL,NULL,1,'2025-03-22 02:25:38','2025-05-01 01:25:17',16),(239,'30064634','dni','ANIBAL IRENEO','FLORES','1986-03-15',NULL,NULL,NULL,NULL,NULL,NULL,NULL,NULL,1,'2025-03-22 02:25:38','2025-05-01 02:08:19',5),(240,'32551108','dni','ROBERTO CARLOS','FLORES','1986-08-25',NULL,NULL,NULL,NULL,NULL,NULL,NULL,NULL,1,'2025-03-22 02:25:38','2025-05-02 15:18:28',10),(241,'20066437','dni','ELBIO FELICIANO','FONTEINA','1968-03-12',NULL,NULL,NULL,NULL,NULL,NULL,NULL,NULL,1,'2025-03-22 02:25:38','2025-05-02 14:23:59',22),(242,'36304017','dni','PEDRO ALEXIS','FRANCO','1990-09-22',NULL,NULL,NULL,NULL,NULL,NULL,NULL,NULL,1,'2025-03-22 02:25:38','2025-05-01 01:01:24',5),(243,'32795706','dni','ROQUE MARTIN','FRANCO','1986-12-02',NULL,NULL,NULL,NULL,NULL,NULL,NULL,NULL,1,'2025-03-22 02:25:38','2025-05-02 14:34:08',8),(244,'33802598','dni','Evangelina','franco','1989-02-11',NULL,NULL,NULL,NULL,NULL,NULL,NULL,NULL,1,'2025-05-17 16:52:56','2025-05-17 16:52:56',1),(245,'25035604','dni','PEDRO','FRETE','1975-11-07','','','','','','','',NULL,1,'2025-03-22 02:25:38','2025-03-22 02:25:38',1),(246,'33222008','dni','SERGIO','FUSSI','1987-09-26',NULL,NULL,NULL,NULL,NULL,NULL,NULL,NULL,1,'2025-03-22 02:25:38','2025-05-31 17:32:44',2),(247,'36304030','dni','JUAN FRANCISCO','GALARZA','1990-10-17',NULL,NULL,NULL,NULL,NULL,NULL,NULL,NULL,1,'2025-03-22 02:25:38','2025-05-01 02:11:45',20),(248,'32802230','dni','MIGUEL FRANCO','GALARZA','1987-01-11',NULL,NULL,NULL,NULL,NULL,NULL,NULL,NULL,1,'2025-03-22 02:25:39','2025-05-02 15:13:33',27),(249,'32079067','dni','JUAN JOSE','GALLARDO','1986-02-06',NULL,NULL,NULL,NULL,NULL,NULL,NULL,NULL,1,'2025-03-22 02:25:39','2025-05-01 01:01:37',5),(250,'34801497','dni','HECTOR LORENZO','GALLARDO','1989-10-28',NULL,NULL,NULL,NULL,NULL,NULL,NULL,NULL,1,'2025-03-22 02:25:39','2025-05-01 01:01:51',5),(251,'31210664','dni','ARIEL EDGARDO','GAMBOA','1984-12-08',NULL,NULL,NULL,NULL,NULL,NULL,NULL,NULL,1,'2025-03-22 02:25:39','2025-03-25 14:49:05',2),(252,'33324645','dni','JONATHAN','GARCIA','1987-12-20',NULL,NULL,NULL,NULL,NULL,NULL,NULL,NULL,1,'2025-03-22 02:25:39','2025-05-02 14:28:03',1),(253,'28020106','dni','LUIS','GIMENEZ','1980-09-19',NULL,NULL,NULL,NULL,NULL,NULL,NULL,NULL,1,'2025-03-22 02:25:39','2025-05-01 01:16:25',14),(254,'29518217','dni','MATIAS ALBERTO','GIMENEZ','1982-11-15',NULL,NULL,NULL,NULL,NULL,NULL,NULL,NULL,1,'2025-03-22 02:25:39','2025-05-02 14:48:19',4),(255,'30770451','dni','HUGO ALEJANDRO','GODOY','1984-08-28',NULL,NULL,NULL,NULL,NULL,NULL,NULL,NULL,1,'2025-03-22 02:25:39','2025-05-01 01:12:36',17),(256,'25035697','dni','JORGE RAMON','GODOY','1976-01-11',NULL,NULL,NULL,NULL,NULL,NULL,NULL,NULL,1,'2025-03-22 02:25:39','2025-05-01 01:16:35',14),(257,'33983076','dni','FEDERICO','GODOY','1988-06-14',NULL,NULL,NULL,NULL,NULL,NULL,NULL,NULL,1,'2025-03-22 02:25:39','2025-05-01 01:31:37',29),(258,'40281983','dni','DAVID','GODOY','1987-07-21',NULL,NULL,NULL,NULL,NULL,NULL,NULL,NULL,1,'2025-03-22 02:25:39','2025-05-01 02:19:56',1),(259,'40281984','dni','EDGAR FABIAN','GODOY','1989-05-19',NULL,NULL,NULL,NULL,NULL,NULL,NULL,NULL,1,'2025-03-22 02:25:39','2025-05-01 02:20:06',21),(260,'31666668','dni','JUAN RAMON','GODOY','1985-06-20',NULL,NULL,NULL,NULL,NULL,NULL,NULL,NULL,1,'2025-03-22 02:25:39','2025-05-01 02:20:15',21),(261,'31210875','dni','ANTONIO','GODOY ','1985-02-10','','','','','','','',NULL,1,'2025-03-22 02:25:39','2025-03-22 02:25:39',1),(262,'32843289','dni','ADRIAN TOMAS','GOMEZ','1987-03-17',NULL,NULL,NULL,NULL,NULL,NULL,NULL,NULL,1,'2025-03-22 02:25:39','2025-05-01 01:17:43',1),(263,'26341156','dni','FERNANDO','GOMEZ','1978-02-06',NULL,NULL,NULL,NULL,NULL,NULL,NULL,NULL,1,'2025-03-22 02:25:39','2025-05-01 01:31:59',29),(264,'27567241','dni','ROLANDO','GOMEZ','1979-10-30','','','','','','','',NULL,1,'2025-03-22 02:25:39','2025-03-22 02:25:39',1),(265,'31210563','dni','NESTOR OSVALDO','GOMEZ','1984-09-19',NULL,NULL,NULL,NULL,NULL,NULL,NULL,NULL,1,'2025-03-22 02:25:39','2025-05-02 14:25:24',22),(266,'30136321','dni','ALEJANDRO','GOMEZ','1983-03-02',NULL,NULL,NULL,NULL,NULL,NULL,NULL,NULL,1,'2025-03-22 02:25:39','2025-05-02 14:53:17',26),(267,'33451127','dni','GUILLERMO RAUL','GOMEZ','1987-12-08',NULL,NULL,NULL,NULL,'Bella Vista','Corrientes','3432',NULL,1,'2025-06-07 17:39:04','2025-06-24 19:50:11',3),(268,'34801371','dni','MILTON CARLOS','GONZALEZ','1989-09-08',NULL,NULL,NULL,NULL,NULL,NULL,NULL,NULL,1,'2025-03-22 02:25:39','2025-05-01 01:16:47',1),(269,'34182037','dni','JORGE','GONZALEZ','1988-07-10',NULL,NULL,NULL,NULL,NULL,NULL,NULL,NULL,1,'2025-03-22 02:25:39','2025-05-01 01:21:33',6),(270,'27881945','dni','JULIO ORLANDO','GONZALEZ','1980-08-19',NULL,NULL,NULL,NULL,NULL,NULL,NULL,NULL,1,'2025-03-22 02:25:39','2025-05-01 01:25:27',16),(271,'29927490','dni','AGUSTIN','GONZALEZ','1983-08-24',NULL,NULL,NULL,NULL,NULL,NULL,NULL,NULL,1,'2025-03-22 02:25:39','2025-05-01 01:25:38',16),(272,'32317852','dni','SERGIO RAUL','GONZALEZ','1985-12-23',NULL,NULL,NULL,NULL,NULL,NULL,NULL,NULL,1,'2025-03-22 02:25:39','2025-05-01 01:25:48',16),(273,'34869146','dni','JORGE LUIS','GONZALEZ','1989-11-24',NULL,NULL,NULL,NULL,NULL,NULL,NULL,NULL,1,'2025-03-22 02:25:39','2025-05-01 01:26:00',16),(274,'24465297','dni','JUAN','GONZALEZ','1975-03-29',NULL,NULL,NULL,NULL,NULL,NULL,NULL,NULL,1,'2025-03-22 02:25:39','2025-05-01 01:41:20',29),(275,'34801385','dni','IGNACIO JEREMIAS','GONZALEZ','1989-09-21',NULL,NULL,NULL,NULL,NULL,NULL,NULL,NULL,1,'2025-03-22 02:25:39','2025-05-01 01:50:51',13),(276,'25198396','dni','RAMÓN H.','GONZALEZ','1976-06-09',NULL,NULL,NULL,NULL,NULL,NULL,NULL,NULL,1,'2025-03-22 02:25:39','2025-05-01 01:55:03',18),(277,'26558041','dni','GUSTAVO LUIS','GONZALEZ','1978-06-05',NULL,NULL,NULL,NULL,NULL,NULL,NULL,NULL,1,'2025-03-22 02:25:39','2025-05-01 01:55:12',18),(278,'39960053','dni','MANUEL','GONZALEZ','1984-05-04',NULL,NULL,NULL,NULL,NULL,NULL,NULL,NULL,1,'2025-03-22 02:25:39','2025-05-01 01:58:37',7),(279,'32079116','dni','HECTOR SEBASTIAN','GONZALEZ','1986-02-05',NULL,NULL,NULL,NULL,NULL,NULL,NULL,NULL,1,'2025-03-22 02:25:39','2025-05-01 02:03:26',3),(280,'32388777','dni','ARIEL','GONZALEZ','1986-07-20',NULL,NULL,NULL,NULL,NULL,NULL,NULL,NULL,1,'2025-03-22 02:25:39','2025-05-01 02:08:30',19),(281,'33304085','dni','UBALDO HERNAN','GONZALEZ','1987-07-10',NULL,NULL,NULL,NULL,NULL,NULL,NULL,NULL,1,'2025-03-22 02:25:39','2025-05-01 02:08:39',19),(282,'36445575','dni','RICARDO','GONZALEZ','1985-03-22',NULL,NULL,NULL,NULL,NULL,NULL,NULL,NULL,1,'2025-03-22 02:25:39','2025-05-01 02:15:53',9),(283,'29553281','dni','JULIO CESAR','GONZALEZ','1982-07-15',NULL,NULL,NULL,NULL,NULL,NULL,NULL,NULL,1,'2025-03-22 02:25:39','2025-05-01 02:16:01',1),(284,'28940585','dni','HUGO M.','GONZALEZ','1981-08-26',NULL,NULL,NULL,NULL,NULL,NULL,NULL,NULL,1,'2025-03-22 02:25:39','2025-05-02 15:23:22',28),(285,'33304111','dni','ANDRES','GONZALEZ','1987-08-08',NULL,NULL,NULL,NULL,NULL,NULL,NULL,NULL,1,'2025-03-22 02:25:39','2025-05-02 15:28:25',11),(286,'40507864','dni','BENJAMIN','GONZALEZ','1990-08-04',NULL,NULL,NULL,NULL,'Bella Vista','Corrientes','3432',NULL,1,'2025-06-07 18:15:36','2025-06-24 21:36:47',19),(287,'30273528','dni','ALBERTO S.','GRIOLIO','1983-05-11',NULL,NULL,NULL,NULL,NULL,NULL,NULL,NULL,1,'2025-03-22 02:25:39','2025-05-01 01:51:01',13),(288,'20447692','dni','ARMANDO OSCAR','GRIOLIO','1969-02-25',NULL,NULL,NULL,NULL,NULL,NULL,NULL,NULL,1,'2025-03-22 02:25:39','2025-05-01 01:53:21',13),(289,'34660117','dni','CORONEL ANTONIO','GUERRERO ','1989-07-03','','','','','','','',NULL,1,'2025-03-22 02:25:39','2025-03-22 02:25:39',1),(290,'34876360','dni','NICOLAS D.C.','GUILLEN','1989-11-15',NULL,NULL,NULL,NULL,NULL,NULL,NULL,NULL,1,'2025-03-22 02:25:39','2025-05-02 14:28:14',1),(291,'34218700','dni','WALTER','GUTIERREZ','1989-02-21',NULL,NULL,NULL,NULL,NULL,NULL,NULL,NULL,1,'2025-03-22 02:25:39','2025-05-01 01:02:03',5),(292,'25493671','dni','LUCAS ORLANDO','GUTIERREZ','1976-12-18',NULL,NULL,NULL,NULL,NULL,NULL,NULL,NULL,1,'2025-03-22 02:25:39','2025-05-01 01:51:12',13),(293,'30001593','dni','CESAR ADRIAN','GUTIERREZ','1983-02-15',NULL,NULL,NULL,NULL,NULL,NULL,NULL,NULL,1,'2025-03-22 02:25:39','2025-05-02 14:43:07',25),(294,'25606742','dni','GUSTAVO JOSE','GUTIERREZ','1977-03-12',NULL,NULL,NULL,NULL,NULL,NULL,NULL,NULL,1,'2025-03-22 02:25:39','2025-05-02 15:09:01',12),(295,'32839253','dni','PABLO','HABERLE','1988-06-29',NULL,NULL,NULL,NULL,NULL,NULL,NULL,NULL,1,'2025-03-22 02:25:39','2025-05-01 01:51:21',13),(296,'34218467','dni','ALEXIS ALFREDO','HABERLE','1988-10-13',NULL,NULL,NULL,NULL,NULL,NULL,NULL,NULL,1,'2025-03-22 02:25:39','2025-05-01 01:58:47',7),(297,'32839299','dni','ALEXIS SAUL','HABERLE','1989-07-14',NULL,NULL,NULL,NULL,NULL,NULL,NULL,NULL,1,'2025-03-22 02:25:39','2025-05-02 14:43:38',25),(298,'31666786','dni','MARIO ENRIQUE','HANKE','1985-09-14',NULL,NULL,NULL,NULL,NULL,NULL,NULL,NULL,1,'2025-03-22 02:25:39','2025-05-01 02:20:25',21),(299,'27588404','dni','HUGO OSCAR','HERMOSI','1979-10-03',NULL,NULL,NULL,NULL,NULL,NULL,NULL,NULL,1,'2025-03-22 02:25:39','2025-05-02 14:28:24',23),(300,'29553246','dni','JORGE A.','HERMOSIS','1982-08-29',NULL,NULL,NULL,NULL,NULL,NULL,NULL,NULL,1,'2025-03-22 02:25:39','2025-05-02 14:28:34',1),(301,'24801379','dni','CRISTIAN','HERMOSIS','1975-07-16','','','','','','','',NULL,1,'2025-03-22 02:25:39','2025-03-22 02:25:39',1),(302,'30000832','dni','RAUL','IBARRA','1983-02-15',NULL,NULL,NULL,NULL,NULL,NULL,NULL,NULL,1,'2025-03-22 02:25:39','2025-05-01 02:05:13',3),(303,'34801425','dni','NERI ALBERTO','IBARRA','1989-04-06',NULL,NULL,NULL,NULL,NULL,NULL,NULL,NULL,1,'2025-03-22 02:25:39','2025-06-04 22:51:51',1),(304,'31210524','dni','DIONISIO GABRIEL','INSAURRALDE','1984-09-04',NULL,NULL,NULL,NULL,NULL,NULL,NULL,NULL,1,'2025-03-22 02:25:39','2025-05-01 01:18:13',6),(305,'28940921','dni','GUSTAVO','INSAURRALDE','1982-02-08',NULL,NULL,NULL,NULL,NULL,NULL,NULL,NULL,1,'2025-03-22 02:25:39','2025-05-01 02:05:48',3),(306,'34947747','dni','ALBERTO','INSAURRALDE','1990-01-21',NULL,NULL,NULL,NULL,NULL,NULL,NULL,NULL,1,'2025-03-22 02:25:39','2025-05-02 14:25:34',22),(307,'26210304','dni','JOSE','INSAURRALDE','1978-07-10',NULL,NULL,NULL,NULL,NULL,NULL,NULL,NULL,1,'2025-03-22 02:25:39','2025-05-02 14:25:44',22),(308,'21683803','dni','JOSE MARTIN','INSAURRALDE','1968-08-17',NULL,NULL,NULL,NULL,NULL,NULL,NULL,NULL,1,'2025-03-22 02:25:39','2025-05-02 14:28:45',23),(309,'30001641','dni','ORLANDO','INSAURRALDE','1983-02-21',NULL,NULL,NULL,NULL,NULL,NULL,NULL,NULL,1,'2025-03-22 02:25:39','2025-05-02 14:43:48',25),(310,'27066936','dni','MIGUEL ANGEL','INSAURRALDE','1977-10-02',NULL,NULL,NULL,NULL,NULL,NULL,NULL,NULL,1,'2025-03-22 02:25:39','2025-05-02 14:43:58',25),(311,'31199812','dni','CESAR EDUARDO','INSAURRALDE','1984-10-10',NULL,NULL,NULL,NULL,NULL,NULL,NULL,NULL,1,'2025-03-22 02:25:39','2025-05-02 15:09:11',12),(312,'33983094','dni','CESAR','INSAURRALDE','1988-05-08',NULL,NULL,NULL,NULL,NULL,NULL,NULL,NULL,1,'2025-03-22 02:25:39','2025-05-02 15:13:45',27),(313,'33471545','dni','LISANDRO GASTON','INSAURRALDE','1989-03-10',NULL,NULL,NULL,NULL,NULL,NULL,NULL,NULL,1,'2025-03-22 02:25:39','2025-05-01 01:12:48',17),(314,'17730017','dni','RUBEN','INSAURRALDE','1960-04-28',NULL,NULL,NULL,NULL,NULL,NULL,NULL,NULL,1,'2025-03-22 02:25:39','2025-05-01 01:55:22',18),(315,'35035158','dni','VICTOR RAMON','INSAURRALDE','1991-01-11',NULL,NULL,NULL,NULL,'Bella Vista','Corrientes','3432',NULL,1,'2025-06-07 17:40:58','2025-06-24 19:51:05',3),(316,'32218544','dni','JUAN C.','INSAURRLADE','1980-03-09',NULL,NULL,NULL,NULL,NULL,NULL,NULL,NULL,1,'2025-03-22 02:25:39','2025-06-04 22:52:10',1),(317,'28019775','dni','JUAN MARCELO','JARA','1980-02-22',NULL,NULL,NULL,NULL,NULL,NULL,NULL,NULL,1,'2025-03-22 02:25:39','2025-05-01 01:02:16',5),(318,'33304161','dni','CRISTIAN DARIO','JARA','1982-09-18',NULL,NULL,NULL,NULL,NULL,NULL,NULL,NULL,1,'2025-03-22 02:25:39','2025-05-01 01:26:12',16),(319,'34656469','dni','RUBEN DAVID','JARA','1989-06-06',NULL,NULL,NULL,NULL,NULL,NULL,NULL,NULL,1,'2025-03-22 02:25:39','2025-05-01 01:26:23',16),(320,'33983265','dni','ARIEL MACEDONIO','JARA','1988-10-03','','','','','','','',NULL,1,'2025-03-22 02:25:39','2025-03-22 02:25:39',1),(321,'33214788','dni','GERMAN','KOLER','1987-08-05',NULL,NULL,NULL,NULL,NULL,NULL,NULL,NULL,1,'2025-03-22 02:25:39','2025-05-02 14:48:33',4),(322,'32497935','dni','CARLOS JAVIER','KRINSKI','1986-09-04',NULL,NULL,NULL,NULL,NULL,NULL,NULL,NULL,1,'2025-03-22 02:25:39','2025-05-02 14:34:17',8),(323,'23663897','dni','MARCOS GABRIEL','LATTAR','1974-07-19',NULL,NULL,NULL,NULL,NULL,NULL,NULL,NULL,1,'2025-03-22 02:25:39','2025-05-02 15:18:45',10),(324,'33983017','dni','RAUL ALBERTO','LEAÑEZ','1989-11-05',NULL,NULL,NULL,NULL,NULL,NULL,NULL,NULL,1,'2025-05-02 15:14:27','2025-05-02 15:14:47',27),(325,'32079280','dni','ANGEL CLEMENTE','LEDESMA','1986-06-16',NULL,NULL,NULL,NULL,NULL,NULL,NULL,NULL,1,'2025-03-22 02:25:39','2025-05-02 14:28:54',23),(326,'30098932','dni','AGUSTIN B.','LEDESMA','1983-04-27',NULL,NULL,NULL,NULL,NULL,NULL,NULL,NULL,1,'2025-03-22 02:25:39','2025-05-02 14:48:46',4),(327,'33983020','dni','LUIS CARLOS','LEICHNER','1988-05-22',NULL,NULL,NULL,NULL,NULL,NULL,NULL,NULL,1,'2025-03-22 02:25:39','2025-05-02 14:38:25',24),(328,'32802219','dni','ROBERTO EMANUEL','LEIVA','1987-01-07',NULL,NULL,NULL,NULL,NULL,NULL,NULL,NULL,1,'2025-03-22 02:25:39','2025-05-02 14:38:53',24),(329,'24745945','dni','JUAN HECTOR','LEIVA','1976-03-26',NULL,NULL,NULL,NULL,NULL,NULL,NULL,NULL,1,'2025-03-22 02:25:39','2025-05-02 14:48:57',4),(330,'31210527','dni','RICARDO JULIAN','LEIVA','1984-09-12',NULL,NULL,NULL,NULL,NULL,NULL,NULL,NULL,1,'2025-03-22 02:25:39','2025-05-02 15:28:34',11),(331,'27569773','dni','FRANCISCO','LEYES','1979-12-01','','','','','','','',NULL,1,'2025-03-22 02:25:39','2025-03-22 02:25:39',1),(332,'31594978','dni','JOSE ARMANDO','LEZCANO','1985-09-04',NULL,NULL,NULL,NULL,NULL,NULL,NULL,NULL,1,'2025-03-22 02:25:39','2025-05-01 01:51:35',13),(333,'27893064','dni','JUAN ANTONIO','LEZCANO','1981-02-03',NULL,NULL,NULL,NULL,'Bella Vista','Corrientes','3432',NULL,1,'2025-06-07 17:01:08','2025-06-24 19:43:03',17),(334,'30479380','dni','GASTON EDUARDO','LIBRAMENTO','1983-11-11','','','','','','','',NULL,1,'2025-03-22 02:25:39','2025-03-22 02:25:39',1),(335,'33451005','dni','CRISTIAN MATIAS','LOPEZ','1987-09-19',NULL,NULL,NULL,NULL,NULL,NULL,NULL,NULL,1,'2025-03-22 02:25:39','2025-05-01 01:02:29',5),(336,'29361132','dni','JORGE','LOPEZ','1988-02-27',NULL,NULL,NULL,NULL,NULL,NULL,NULL,NULL,1,'2025-03-22 02:25:39','2025-05-01 01:21:46',6),(337,'23991502','dni','RUBEN RAUL','LOPEZ','1974-05-11',NULL,NULL,NULL,NULL,NULL,NULL,NULL,NULL,1,'2025-03-22 02:25:39','2025-05-01 01:26:35',16),(338,'31562123','dni','LEONARDO S.','LOPEZ','1987-05-12','','','','','','','',NULL,1,'2025-03-22 02:25:39','2025-03-22 02:25:39',18),(339,'35201079','dni','ANTONIO','LOPEZ','1989-09-22',NULL,NULL,NULL,NULL,NULL,NULL,NULL,NULL,1,'2025-03-22 02:25:39','2025-05-01 01:55:31',18),(340,'31666772','dni','HUGO MANUEL','LOPEZ','1985-07-07',NULL,NULL,NULL,NULL,NULL,NULL,NULL,NULL,1,'2025-03-22 02:25:39','2025-06-04 23:10:16',1),(341,'32802345','dni','DIEGO VALENTIN','LOPEZ','1987-02-13',NULL,NULL,NULL,NULL,NULL,NULL,NULL,NULL,1,'2025-03-22 02:25:39','2025-05-02 14:24:10',22),(342,'25836868','dni','FACUNDO AGUSTIN','LOPEZ','1977-04-05',NULL,NULL,NULL,NULL,NULL,NULL,NULL,NULL,1,'2025-03-22 02:25:39','2025-05-02 14:34:28',1),(343,'34656304','dni','EMILIANO J.','LOPEZ','1989-04-20',NULL,NULL,NULL,NULL,NULL,NULL,NULL,NULL,1,'2025-03-22 02:25:39','2025-05-02 14:39:03',24),(344,'32802142','dni','GUSTAVO OSMAR','LOPEZ','1986-12-10',NULL,NULL,NULL,NULL,NULL,NULL,NULL,NULL,1,'2025-03-22 02:25:39','2025-05-02 14:50:46',4),(345,'24676390','dni','JORGE EDGARDO','LOPEZ','1975-07-25',NULL,NULL,NULL,NULL,NULL,NULL,NULL,NULL,1,'2025-03-22 02:25:39','2025-05-02 15:14:56',1),(346,'32842404','dni','RAMON A.','LOPEZ','1987-04-28',NULL,NULL,NULL,NULL,NULL,NULL,NULL,NULL,1,'2025-03-22 02:25:39','2025-05-02 15:24:28',28),(347,'32839210','dni','HECTOR R.','LOPEZ','1987-04-30',NULL,NULL,NULL,NULL,NULL,NULL,NULL,NULL,1,'2025-03-22 02:25:39','2025-05-02 15:24:49',28),(348,'36304025','dni','ELVIO ALBERTO','LOPEZ PEREYRA','1990-07-29',NULL,NULL,NULL,NULL,NULL,NULL,NULL,NULL,1,'2025-03-22 02:25:39','2025-05-02 15:09:20',12),(349,'34218539','dni','WILLIAM ANDRES','LUGO','1989-06-12',NULL,NULL,NULL,NULL,NULL,NULL,NULL,NULL,1,'2025-06-06 16:12:55','2025-06-06 16:13:43',2),(350,'35035167','dni','NESTOR','LUQUE','1990-02-18',NULL,NULL,NULL,NULL,NULL,NULL,NULL,NULL,1,'2025-03-22 02:25:39','2025-05-01 01:18:24',14),(351,'33802608','dni','NELSON DAVID','LUQUE','1981-04-16',NULL,NULL,NULL,NULL,NULL,NULL,NULL,NULL,1,'2025-03-22 02:25:39','2025-05-01 01:21:57',6),(352,'33802703','dni','NORBERTO MIGUEL','LUQUE','1988-03-22',NULL,NULL,NULL,NULL,NULL,NULL,NULL,NULL,1,'2025-03-22 02:25:39','2025-05-01 02:20:35',21),(353,'33304260','dni','ULISES MAXIMILIANO','LUQUE','1987-07-17',NULL,NULL,NULL,NULL,NULL,NULL,NULL,NULL,1,'2025-03-22 02:25:39','2025-05-02 14:29:04',23),(354,'28864302','dni','MATIAS','LUQUE','1982-12-05',NULL,NULL,NULL,NULL,NULL,NULL,NULL,NULL,1,'2025-05-01 01:42:04','2025-05-01 01:42:15',29),(355,'29005992','dni','HERNAN','LUXEN','1983-05-15',NULL,NULL,NULL,NULL,NULL,NULL,NULL,NULL,1,'2025-03-22 02:25:39','2025-05-02 14:53:27',26),(356,'33959281','dni','SERGIO RICARDO','MACIEL','1988-10-28',NULL,NULL,NULL,NULL,NULL,NULL,NULL,NULL,1,'2025-03-22 02:25:39','2025-05-01 02:20:43',21),(357,'30146151','dni','WALTER','MACIEL','1983-03-05',NULL,NULL,NULL,NULL,NULL,NULL,NULL,NULL,1,'2025-03-22 02:25:39','2025-05-02 15:18:54',10),(358,'33441543','dni','MAXIMILIANO','MACIEL','1987-09-25',NULL,NULL,NULL,NULL,NULL,NULL,NULL,NULL,1,'2025-03-22 02:25:39','2025-05-02 15:19:04',10),(359,'32500091','dni','JUAN LEONARDO','MACIEL','1988-06-08',NULL,NULL,NULL,NULL,'Bella Vista','Corrientes','3432',NULL,1,'2025-06-07 17:05:28','2025-06-24 19:43:22',17),(360,'32388868','dni','WALTER CARLOS','MAGALDI','1979-09-30',NULL,NULL,NULL,NULL,NULL,NULL,NULL,NULL,1,'2025-03-22 02:25:39','2025-03-29 18:18:52',4),(361,'30779425','dni','CONRADO','MAIDANA','1984-08-19',NULL,NULL,NULL,NULL,NULL,NULL,NULL,NULL,1,'2025-03-22 02:25:39','2025-05-01 01:51:45',13),(362,'34274338','dni','ALEJANDRO JOSE','MANCUELLO','1988-11-15',NULL,NULL,NULL,NULL,NULL,NULL,NULL,NULL,1,'2025-03-22 02:25:39','2025-05-02 14:24:20',22),(363,'29036024','dni','ALBERTO ALEJANDRO','MARAIN','1981-07-29',NULL,NULL,NULL,NULL,NULL,NULL,NULL,NULL,1,'2025-03-22 02:25:39','2025-06-04 23:06:00',25),(364,'27448621','dni','ENRIQUE','MARAIN','1979-05-04',NULL,NULL,NULL,NULL,NULL,NULL,NULL,NULL,1,'2025-03-22 02:25:39','2025-05-02 14:45:47',1),(365,'27348901','dni','JOSE RAMON','MARAIN','1974-07-04',NULL,NULL,NULL,NULL,NULL,NULL,NULL,NULL,1,'2025-03-22 02:25:39','2025-05-02 14:45:57',1),(366,'26476372','dni','VICTOR MARCELO','MARECO','1978-03-24',NULL,NULL,NULL,NULL,NULL,NULL,NULL,NULL,1,'2025-03-22 02:25:39','2025-05-01 01:16:59',14),(367,'26210381','dni','CLAUDIO SATURDINO','MARECO','1977-09-14',NULL,NULL,NULL,NULL,NULL,NULL,NULL,NULL,1,'2025-03-22 02:25:39','2025-05-01 01:55:40',18),(368,'29807578','dni','JOSE ROLANDO','MARINO','1984-01-04',NULL,NULL,NULL,NULL,NULL,NULL,NULL,NULL,1,'2025-03-22 02:25:39','2025-05-02 14:29:14',23),(369,'32346422','dni','PABLO','MARQUEZ','1986-05-08',NULL,NULL,NULL,NULL,NULL,NULL,NULL,NULL,1,'2025-03-22 02:25:39','2025-03-26 17:53:29',12),(370,'32388965','dni','EDGARDO DANIEL','MARTINEZ','1986-10-16',NULL,NULL,NULL,NULL,NULL,NULL,NULL,NULL,1,'2025-03-22 02:25:39','2025-06-04 23:15:52',1),(371,'30273525','dni','MARCELO DANIEL','MARTINEZ','1983-05-15',NULL,NULL,NULL,NULL,NULL,NULL,NULL,NULL,1,'2025-03-22 02:25:39','2025-05-02 14:53:38',26),(372,'21996457','dni','HEMEREGILDO','MARTINEZ','1972-09-21',NULL,NULL,NULL,NULL,NULL,NULL,NULL,NULL,1,'2025-03-22 02:25:39','2025-06-04 22:58:09',1),(373,'30780074','dni','JULIO R.','MARTINEZ','1984-07-03',NULL,NULL,NULL,NULL,NULL,NULL,NULL,NULL,1,'2025-03-22 02:25:39','2025-05-02 15:24:57',28),(374,'21996189','dni','GUILLERMO DARIO','MARTINEZ SAND','1972-03-25',NULL,NULL,NULL,NULL,NULL,NULL,NULL,NULL,1,'2025-03-22 02:25:39','2025-05-02 14:39:14',24),(375,'30550668','dni','EDGARDO ASAF','MASDEU','1984-08-08',NULL,NULL,NULL,NULL,NULL,NULL,NULL,NULL,1,'2025-03-22 02:25:39','2025-05-01 01:13:06',17),(376,'32718384','dni','DAVID FERNANDO','MATTO','1987-09-03',NULL,NULL,NULL,NULL,NULL,NULL,NULL,NULL,1,'2025-03-22 02:25:39','2025-05-01 01:06:26',2),(377,'22879824','dni','JOSÉ LUIS','MAZZEGA','1972-09-15',NULL,NULL,NULL,NULL,NULL,NULL,NULL,NULL,1,'2025-03-22 02:25:39','2025-05-01 01:55:49',18),(378,'27348924','dni','ANTONIO','MELGAREJO','1973-07-05','','','','','','','',NULL,1,'2025-03-22 02:25:39','2025-03-22 02:25:39',1),(379,'33035248','dni','ALEJANDRO','MELGAREJO','1980-12-06',NULL,NULL,NULL,NULL,NULL,NULL,NULL,NULL,1,'2025-05-01 01:43:11','2025-05-01 01:43:25',29),(380,'27762551','dni','CESAR ALEJANDRO','MENDEZ','1979-12-12','1005','3777471287','cesarmendez.seo@gmail.com','B° 40 viv mza C casa 02','Bella Vista','Corrientes','3432','1742674772.png',1,'2025-03-22 02:25:39','2025-03-24 20:59:24',2),(381,'30779288','dni','DIEGO MANUEL','MENDEZ','1984-05-12',NULL,NULL,NULL,NULL,NULL,NULL,NULL,NULL,1,'2025-03-22 02:25:39','2025-03-25 14:48:48',2),(382,'27095085','dni','ROQUE MARTIN','MENDOZA','1979-01-12',NULL,NULL,NULL,NULL,NULL,NULL,NULL,NULL,1,'2025-03-22 02:25:39','2025-05-01 01:13:18',17),(383,'33983067','dni','ALBERTO DARIO','MESA','1988-05-14',NULL,NULL,NULL,NULL,NULL,NULL,NULL,NULL,1,'2025-03-22 02:25:39','2025-05-01 02:11:53',1),(384,'27465621','dni','JOSE ANTONIO','MEZA','1979-07-15','','','','','','','',NULL,1,'2025-03-22 02:25:39','2025-03-22 02:25:39',1),(385,'29807539','dni','HUGO ARIEL','MEZA','1982-12-12',NULL,NULL,NULL,NULL,NULL,NULL,NULL,NULL,1,'2025-03-22 02:25:39','2025-05-02 15:09:36',12),(386,'33302643','dni','WALTER A','MICELI','1988-03-01',NULL,NULL,NULL,NULL,NULL,NULL,NULL,NULL,1,'2025-03-22 02:25:39','2025-05-01 01:51:56',1),(387,'34218663','dni','ALEJANDRO','MICELI','1989-02-15',NULL,NULL,NULL,NULL,NULL,NULL,NULL,NULL,1,'2025-03-22 02:25:39','2025-06-04 23:17:29',14),(388,'33802643','dni','WALTER A','MICELI','1988-03-01',NULL,NULL,NULL,NULL,'Bella Vista','Corrientes','3432',NULL,1,'2025-06-11 18:25:17','2025-06-11 18:25:17',13),(389,'27762904','dni','EDGAR FABIAN','MIÑO','1980-01-13',NULL,NULL,NULL,NULL,NULL,NULL,NULL,NULL,1,'2025-03-22 02:25:39','2025-03-25 14:49:44',2),(390,'26276845','dni','HUGO','MIÑO','1976-09-30',NULL,NULL,NULL,NULL,NULL,NULL,NULL,NULL,1,'2025-03-22 02:25:39','2025-05-01 01:58:57',7),(391,'28155597','dni','WALTER JAVIER','MIRANDA','1980-04-25','','','','','','','',NULL,1,'2025-03-22 02:25:39','2025-03-22 02:25:39',1),(392,'32802132','dni','NELSON','MOLINA','1986-08-18',NULL,NULL,NULL,NULL,NULL,NULL,NULL,NULL,1,'2025-03-22 02:25:39','2025-05-01 01:23:25',6),(393,'35437473','dni','JOSE MANUEL','MOLINA','1990-07-30',NULL,NULL,NULL,NULL,NULL,NULL,NULL,NULL,1,'2025-03-22 02:25:39','2025-05-01 01:55:58',18),(394,'28020033','dni','VICTOR HORACIO','MOLINA','1980-08-12',NULL,NULL,NULL,NULL,NULL,NULL,NULL,NULL,1,'2025-03-22 02:25:39','2025-05-01 02:16:21',19),(395,'31690377','dni','HUGO ARIEL','MOLINA','1985-10-25',NULL,NULL,NULL,NULL,NULL,NULL,NULL,NULL,1,'2025-03-22 02:25:39','2025-05-02 14:39:23',24),(396,'30273526','dni','EDGAR RAMON','MOLINA','1983-04-12',NULL,NULL,NULL,NULL,NULL,NULL,NULL,NULL,1,'2025-03-22 02:25:39','2025-05-02 14:53:59',26),(397,'33063621','dni','ENZO','MOLINA','1982-04-18',NULL,NULL,NULL,NULL,NULL,NULL,NULL,NULL,1,'2025-03-22 02:25:39','2025-05-02 14:54:09',26),(398,'31690395','dni','JOSE ALBERTO','MONJE','1985-10-26',NULL,NULL,NULL,NULL,NULL,NULL,NULL,NULL,1,'2025-03-22 02:25:39','2025-05-01 01:56:08',18),(399,'34218466','dni','CRISTIAN Y.','MONTENEGRO','1988-10-24',NULL,NULL,NULL,NULL,NULL,NULL,NULL,NULL,1,'2025-03-22 02:25:39','2025-05-01 01:42:41',29),(400,'33983163','dni','RICARDO ALEJANDRO','MONTERO','1988-08-19',NULL,NULL,NULL,NULL,NULL,NULL,NULL,NULL,1,'2025-03-22 02:25:39','2025-06-04 23:17:42',1),(401,'31690455','dni','NESTOR FABIAN','MONZON','1985-11-17',NULL,NULL,NULL,NULL,NULL,NULL,NULL,NULL,1,'2025-03-22 02:25:39','2025-05-01 02:08:48',6),(402,'28347984','dni','FELIPE DAVID','MORALES','1981-06-13',NULL,NULL,NULL,NULL,NULL,NULL,NULL,NULL,1,'2025-03-22 02:25:40','2025-05-02 14:34:39',8),(403,'30464944','dni','SERGIO','MOREIRA','1982-09-08','','','','','','','',NULL,1,'2025-03-22 02:25:40','2025-03-22 02:25:40',1),(404,'30587743','dni','GUSTAVO JESUS','MOREIRA','1984-05-12',NULL,NULL,NULL,NULL,NULL,NULL,NULL,NULL,1,'2025-03-22 02:25:40','2025-05-02 15:19:12',10),(405,'33304150','dni','GUILLERMO A.','NACIMIENTO','1987-11-05',NULL,NULL,NULL,NULL,NULL,NULL,NULL,NULL,1,'2025-03-22 02:25:40','2025-05-02 14:39:33',24),(406,'32079118','dni','ALFREDO MARTIN','NEME','1986-03-17',NULL,NULL,NULL,NULL,NULL,NULL,NULL,NULL,1,'2025-03-22 02:25:40','2025-05-01 01:13:29',17),(407,'34218529','dni','ANTONIO ARNALDO','NIZ','1988-11-24',NULL,NULL,NULL,NULL,NULL,NULL,NULL,NULL,1,'2025-03-22 02:25:40','2025-05-01 01:13:39',17),(408,'28940594','dni','VICTOR M.','NUÑEZ','1981-08-08',NULL,NULL,NULL,NULL,NULL,NULL,NULL,NULL,1,'2025-03-22 02:25:40','2025-05-01 01:56:18',18),(409,'32079291','dni','VICTOR','NUÑEZ','1986-06-10',NULL,NULL,NULL,NULL,NULL,NULL,NULL,NULL,1,'2025-03-22 02:25:40','2025-05-01 01:59:06',7),(410,'31972402','dni','NESTOR LUIS','NUÑEZ','1985-09-26',NULL,NULL,NULL,NULL,NULL,NULL,NULL,NULL,1,'2025-03-22 02:25:40','2025-05-01 02:12:03',20),(411,'33304028','dni','FABIAN GASTON','NUÑEZ','1987-06-19','','','','','','','',NULL,1,'2025-03-22 02:25:40','2025-03-22 02:25:40',22),(412,'31690318','dni','ANTONIO ANDRES','NUÑEZ','1985-09-18',NULL,NULL,NULL,NULL,NULL,NULL,NULL,NULL,1,'2025-03-22 02:25:40','2025-05-02 14:39:43',24),(413,'25454210','dni','ANIBAL ALBERTO','OBREGON','1976-10-06',NULL,NULL,NULL,NULL,NULL,NULL,NULL,NULL,1,'2025-03-22 02:25:40','2025-05-02 14:29:23',23),(414,'30779061','dni','RUBEN GABRIEL','OJEDA','1984-01-07',NULL,NULL,NULL,NULL,NULL,NULL,NULL,NULL,1,'2025-03-22 02:25:40','2025-05-02 14:29:33',23),(415,'33304003','dni','DAVID','OJEDA','1987-07-01','','','','','','','',NULL,1,'2025-03-22 02:25:40','2025-03-22 02:25:40',16),(416,'27567226','dni','HUGO ROBERTO','OJEDA','1979-09-30',NULL,NULL,NULL,NULL,NULL,NULL,NULL,NULL,1,'2025-03-22 02:25:40','2025-05-02 14:49:14',4),(417,'33451098','dni','JORGE DANIEL','OJEDA','1987-10-27',NULL,NULL,NULL,NULL,NULL,NULL,NULL,NULL,1,'2025-03-22 02:25:40','2025-05-02 15:15:05',27),(418,'26341134','dni','GUSTAVO RAMON','OJEDA','1977-12-30','','','','','','','',NULL,1,'2025-03-22 02:25:40','2025-03-22 02:25:40',1),(419,'32079098','dni','JOSE FRANCISCO','OJEDA','1984-07-03',NULL,NULL,NULL,NULL,NULL,NULL,NULL,NULL,1,'2025-05-01 01:44:01','2025-05-01 01:44:13',29),(420,'35035078','dni','JONATAN MAURICIO','OLIVA','1990-01-12',NULL,NULL,NULL,NULL,NULL,NULL,NULL,NULL,1,'2025-03-22 02:25:40','2025-05-01 01:17:11',14),(421,'31666674','dni','LISANDRO','OLIVA','1985-07-11',NULL,NULL,NULL,NULL,NULL,NULL,NULL,NULL,1,'2025-03-22 02:25:40','2025-05-02 15:09:51',12),(422,'31080098','dni','CRITIAN RUBEN','OLIVIER','1985-03-26','','','','','','','',NULL,1,'2025-03-22 02:25:40','2025-03-22 02:25:40',1),(423,'31210961','dni','DANIEL','ORTIZ','1985-04-29',NULL,NULL,NULL,NULL,NULL,NULL,NULL,NULL,1,'2025-03-22 02:25:40','2025-05-01 01:44:27',29),(424,'32732903','dni','MARCELO SEBASTIAN','ORTIZ','1986-11-19',NULL,NULL,NULL,NULL,NULL,NULL,NULL,NULL,1,'2025-03-22 02:25:40','2025-05-02 14:54:19',26),(425,'32106406','dni','RICARDO DANIEL','ORTIZ','1986-01-02',NULL,NULL,NULL,NULL,NULL,NULL,NULL,NULL,1,'2025-03-22 02:25:40','2025-05-02 15:19:20',23),(426,'30559055','dni','JOSE LUIS','ORTIZ','1986-01-02',NULL,NULL,NULL,NULL,NULL,NULL,NULL,NULL,1,'2025-03-22 02:25:40','2025-05-02 15:19:29',10),(427,'35437532','dni','GASTON JORGE','OVIEDO','1992-04-07',NULL,NULL,NULL,NULL,NULL,NULL,NULL,NULL,1,'2025-05-01 01:44:54','2025-05-01 01:45:23',29),(428,'32317892','dni','CARLOS MARTIN','PALACIOS','1986-10-14',NULL,NULL,NULL,NULL,NULL,NULL,NULL,NULL,1,'2025-03-22 02:25:40','2025-05-02 15:19:37',10),(429,'29258669','dni','HORACIO','PALAVECINO','1982-02-16',NULL,NULL,NULL,NULL,NULL,NULL,NULL,NULL,1,'2025-03-22 02:25:40','2025-05-01 02:08:59',19),(430,'35437860','dni','DIEGO DAVID','PARE','1990-12-25','','','','','','','',NULL,1,'2025-03-22 02:25:40','2025-03-22 02:25:40',1),(431,'29035582','dni','JOSE GABRIEL','PAREDES','1981-09-04',NULL,NULL,NULL,NULL,NULL,NULL,NULL,NULL,1,'2025-03-22 02:25:40','2025-05-01 01:18:47',14),(432,'34175022','dni','JUAN CARLOS','PAREDES','1989-02-15',NULL,NULL,NULL,NULL,NULL,NULL,NULL,NULL,1,'2025-03-22 02:25:40','2025-05-02 14:29:42',7),(433,'33238262','dni','JUAN FRANCISCO','PAREDES','1987-12-06',NULL,NULL,NULL,NULL,NULL,NULL,NULL,NULL,1,'2025-03-22 02:25:40','2025-05-02 15:15:15',27),(434,'95491160','dni','FERNANDO','PECHENE','1983-05-01','','','','','','','',NULL,1,'2025-03-22 02:25:40','2025-03-22 02:25:40',1),(435,'30017748','dni','ANIBAL','PEDROZO','1983-05-30',NULL,NULL,NULL,NULL,NULL,NULL,NULL,NULL,1,'2025-03-22 02:25:40','2025-03-29 18:26:35',3),(436,'31793145','dni','ORLANDO ANTONIO','PEDROZO','1985-09-12',NULL,NULL,NULL,NULL,NULL,NULL,NULL,NULL,1,'2025-03-22 02:25:40','2025-05-01 02:12:12',1),(437,'34274310','dni','ANTONIO A.','PEDROZO','1988-10-20',NULL,NULL,NULL,NULL,NULL,NULL,NULL,NULL,1,'2025-03-22 02:25:40','2025-05-02 15:25:08',28),(438,'34656420','dni','FRANCISCO MARTIN','PEÑA','1989-07-13',NULL,NULL,NULL,NULL,NULL,NULL,NULL,NULL,1,'2025-03-22 02:25:40','2025-05-01 02:21:09',21),(439,'28347845','dni','GUILLERMO','PEREIRA','1985-06-20',NULL,NULL,NULL,NULL,NULL,NULL,NULL,NULL,1,'2025-03-22 02:25:40','2025-05-01 01:22:06',6),(440,'27881922','dni','CESAR','PEREIRA','1980-04-03',NULL,NULL,NULL,NULL,NULL,NULL,NULL,NULL,1,'2025-03-22 02:25:40','2025-05-01 01:59:16',7),(441,'33063760','dni','DIEGO','PEREIRA','1987-06-06',NULL,NULL,NULL,NULL,NULL,NULL,NULL,NULL,1,'2025-03-22 02:25:40','2025-05-01 01:59:25',7),(442,'34758655','dni','ADRIAN DEL CARMEN','PEREYRA','1977-07-16',NULL,NULL,NULL,NULL,NULL,NULL,NULL,NULL,1,'2025-03-22 02:25:40','2025-05-02 14:24:31',22),(443,'25035735','dni','SANTIAGO','PEREYRA','1976-01-26',NULL,NULL,NULL,NULL,NULL,NULL,NULL,NULL,1,'2025-03-22 02:25:40','2025-05-02 15:15:24',27),(444,'31525103','dni','OSCAR','PEREZ','1985-02-22',NULL,NULL,NULL,NULL,NULL,NULL,NULL,NULL,1,'2025-03-22 02:25:40','2025-05-01 02:09:08',19),(445,'30780070','dni','CLAUDIO','PEREZ','1988-09-17',NULL,NULL,NULL,NULL,NULL,NULL,NULL,NULL,1,'2025-03-22 02:25:40','2025-05-02 15:25:17',28),(446,'22937816','dni','GERONIMO','PEREZ ','1972-07-08','','','','','','','',NULL,1,'2025-03-22 02:25:40','2025-03-22 02:25:40',1),(447,'28941000','dni','PEDRO GUILLERMO','POELSTRA','1982-04-08',NULL,NULL,NULL,NULL,NULL,NULL,NULL,NULL,1,'2025-03-22 02:25:40','2025-05-02 14:49:25',4),(448,'21996292','dni','SERGIO R','PONCE','1974-03-06',NULL,NULL,NULL,NULL,NULL,NULL,NULL,NULL,1,'2025-05-01 01:20:01','2025-05-01 01:20:12',14),(449,'39947707','dni','SIMON MIGUEL','PORTILLO','1989-11-07',NULL,NULL,NULL,NULL,NULL,NULL,NULL,NULL,1,'2025-03-22 02:25:40','2025-05-01 01:13:50',17),(450,'27095652','dni','WALTER','PORTILLO','1979-02-01',NULL,NULL,NULL,NULL,NULL,NULL,NULL,NULL,1,'2025-03-22 02:25:40','2025-05-01 02:12:21',20),(451,'35200806','dni','JULIO ANDRES','PORTILLO','1990-04-01',NULL,NULL,NULL,NULL,NULL,NULL,NULL,NULL,1,'2025-03-22 02:25:40','2025-05-02 14:34:50',8),(452,'31421567','dni','CESAR DANIEL','PORTILLO','1985-07-04',NULL,NULL,NULL,NULL,'Bella Vista','Corrientes','3432',NULL,1,'2025-06-07 17:25:00','2025-06-24 19:43:44',17),(453,'32762245','dni','HERIBERTO ANTONIO','PORTILLO AL.','1986-12-14',NULL,NULL,NULL,NULL,NULL,NULL,NULL,NULL,1,'2025-03-22 02:25:40','2025-05-02 14:49:35',4),(454,'33493060','dni','ENZO','PRISCO','1988-06-08',NULL,NULL,NULL,NULL,NULL,NULL,NULL,NULL,1,'2025-03-22 02:25:40','2025-05-01 02:03:58',3),(455,'26432039','dni','JOSE FACUNDO','PUCHETA','1978-02-22',NULL,NULL,NULL,NULL,NULL,NULL,NULL,NULL,1,'2025-03-22 02:25:40','2025-05-01 01:02:40',5),(456,'30447175','dni','CRISTIAN','QUINTANA','1983-11-28',NULL,NULL,NULL,NULL,NULL,NULL,NULL,NULL,1,'2025-03-22 02:25:40','2025-05-01 01:52:07',13),(457,'28019960','dni','GUSTAVO','QUINTANA','1980-07-14',NULL,NULL,NULL,NULL,NULL,NULL,NULL,NULL,1,'2025-03-22 02:25:40','2025-05-01 02:21:17',21),(458,'29361266','dni','FAUSTINO DAVID','QUINTANA','1982-07-21',NULL,NULL,NULL,NULL,NULL,NULL,NULL,NULL,1,'2025-03-22 02:25:40','2025-05-01 02:21:26',21),(459,'29216050','dni','RENE ORLANDO','QUINTANA','1982-03-12',NULL,NULL,NULL,NULL,NULL,NULL,NULL,NULL,1,'2025-03-22 02:25:40','2025-05-02 14:26:03',22),(460,'33063726','dni','MARCELO','QUINTANA','1987-05-27',NULL,NULL,NULL,NULL,NULL,NULL,NULL,NULL,1,'2025-03-22 02:25:40','2025-05-02 14:49:46',1),(461,'33304022','dni','GABRIEL ESTEBAN','QUIROZ','1987-07-19',NULL,NULL,NULL,NULL,NULL,NULL,NULL,NULL,1,'2025-03-22 02:25:40','2025-05-01 01:02:55',5),(462,'35035023','dni','MAURICIO IVAN','RAMIREZ','1989-11-20',NULL,NULL,NULL,NULL,NULL,NULL,NULL,NULL,1,'2025-03-22 02:25:40','2025-03-25 14:49:21',2),(463,'32802105','dni','GERMAN','RAMIREZ','1986-10-18',NULL,NULL,NULL,NULL,NULL,NULL,NULL,NULL,1,'2025-03-22 02:25:40','2025-03-25 14:49:32',2),(464,'26698444','dni','MARTIN','RAMIREZ','1978-09-16',NULL,NULL,NULL,NULL,NULL,NULL,NULL,NULL,1,'2025-03-22 02:25:40','2025-05-01 02:16:29',9),(465,'35437424','dni','PEDRO ROLANDO','RAMIREZ','1990-06-29',NULL,NULL,NULL,NULL,NULL,NULL,NULL,NULL,1,'2025-03-22 02:25:40','2025-05-01 02:21:35',1),(466,'33304191','dni','CARLOS JONATAN','RAMIREZ','1987-10-07',NULL,NULL,NULL,NULL,NULL,NULL,NULL,NULL,1,'2025-03-22 02:25:40','2025-05-02 14:24:43',22),(467,'33959270','dni','EMILIO DANIEL','RAMIREZ','1988-09-19',NULL,NULL,NULL,NULL,NULL,NULL,NULL,NULL,1,'2025-03-22 02:25:40','2025-05-02 14:29:51',23),(468,'30864478','dni','GABRIEL ADRIAN','RAMIREZ','1986-03-03',NULL,NULL,NULL,NULL,NULL,NULL,NULL,NULL,1,'2025-05-01 02:01:47','2025-06-04 23:19:54',1),(469,'31210599','dni','JUAN ANDRES','RETAMAR','1984-10-28',NULL,NULL,NULL,NULL,NULL,NULL,NULL,NULL,1,'2025-03-22 02:25:40','2025-05-02 14:30:00',23),(470,'33802684','dni','NICOLAS','RETAMOZO','1988-02-27',NULL,NULL,NULL,NULL,NULL,NULL,NULL,NULL,1,'2025-03-22 02:25:40','2025-05-01 01:56:26',18),(471,'32802174','dni','ARIEL','RETAMOZO','1986-03-06',NULL,NULL,NULL,NULL,NULL,NULL,NULL,NULL,1,'2025-03-22 02:25:40','2025-05-02 14:49:56',4),(472,'33983201','dni','SANTIAGO IGNACIO','RIGUERESMAN ','1988-08-26','','','','','','','',NULL,1,'2025-03-22 02:25:40','2025-03-22 02:25:40',1),(473,'31210699','dni','CESAR','RIQUELME','1984-12-22',NULL,NULL,NULL,NULL,NULL,NULL,NULL,NULL,1,'2025-03-22 02:25:40','2025-05-01 02:04:08',3),(474,'32802102','dni','SERGIO','RIVERO','1986-10-29',NULL,NULL,NULL,NULL,NULL,NULL,NULL,NULL,1,'2025-03-22 02:25:40','2025-05-01 02:04:17',3),(475,'32802334','dni','JOSE LUIS','RIVERO','1986-10-29',NULL,NULL,NULL,NULL,NULL,NULL,NULL,NULL,1,'2025-03-22 02:25:40','2025-05-01 02:04:25',3),(476,'30447121','dni','RAMON','RIVERO','1983-11-28',NULL,NULL,NULL,NULL,NULL,NULL,NULL,NULL,1,'2025-03-22 02:25:40','2025-05-01 02:21:43',21),(477,'32079217','dni','RAMON MANUEL','RIVERO','1986-05-05',NULL,NULL,NULL,NULL,NULL,NULL,NULL,NULL,1,'2025-03-22 02:25:40','2025-05-02 14:44:09',25),(478,'29518241','dni','JOSE AGUSTIN','RIVERO','1982-11-23',NULL,NULL,NULL,NULL,NULL,NULL,NULL,NULL,1,'2025-03-22 02:25:40','2025-05-02 14:44:20',1),(479,'27395938','dni','SERGIO D.','RIVERO','2009-06-22',NULL,NULL,NULL,NULL,NULL,NULL,NULL,NULL,1,'2025-03-22 02:25:40','2025-05-02 15:25:28',28),(480,'24206522','dni','HUGO RUBEN','ROBLEDO','1974-11-25',NULL,NULL,NULL,NULL,NULL,NULL,NULL,NULL,1,'2025-03-22 02:25:40','2025-06-04 23:06:14',1),(481,'31666600','dni','NELSON','ROBLEDO','1985-06-29',NULL,NULL,NULL,NULL,NULL,NULL,NULL,NULL,1,'2025-03-22 02:25:40','2025-05-01 01:45:06',29),(482,'35437328','dni','MATIAS EXEQUIEL','ROBLEDO','1990-05-17',NULL,NULL,NULL,NULL,NULL,NULL,NULL,NULL,0,'2025-03-22 02:25:40','2025-03-29 18:21:09',24),(483,'30779072','dni','SERGIO GABRIEL','RODRIGUEZ','1984-01-19',NULL,NULL,NULL,NULL,NULL,NULL,NULL,NULL,1,'2025-03-22 02:25:40','2025-05-01 01:03:06',5),(484,'29422214','dni','LUIS GONZALO','RODRIGUEZ','1982-06-19',NULL,NULL,NULL,NULL,NULL,NULL,NULL,NULL,1,'2025-03-22 02:25:40','2025-05-01 01:07:10',2),(485,'29285075','dni','DANIEL','RODRIGUEZ','1982-06-13',NULL,NULL,NULL,NULL,NULL,NULL,NULL,NULL,1,'2025-03-22 02:25:40','2025-05-01 01:07:20',2),(486,'31972500','dni','GUSTAVO CESAR','RODRIGUEZ','1986-09-14',NULL,NULL,NULL,NULL,NULL,NULL,NULL,NULL,1,'2025-03-22 02:25:40','2025-05-01 01:07:28',2),(487,'24026257','dni','JOSE','RODRIGUEZ','1974-08-23',NULL,NULL,NULL,NULL,NULL,NULL,NULL,NULL,1,'2025-03-22 02:25:40','2025-05-01 01:59:33',7),(488,'27567231','dni','JOSE ARIEL','RODRIGUEZ','1979-10-31',NULL,NULL,NULL,NULL,NULL,NULL,NULL,NULL,1,'2025-03-22 02:25:40','2025-05-01 02:21:52',21),(489,'31210645','dni','MARTIN','RODRIGUEZ','1984-11-24',NULL,NULL,NULL,NULL,NULL,NULL,NULL,NULL,1,'2025-03-22 02:25:40','2025-05-02 15:10:00',12),(490,'29361100','dni','ANTONIO','ROJAS','1982-05-28',NULL,NULL,NULL,NULL,NULL,NULL,NULL,NULL,1,'2025-03-22 02:25:40','2025-06-04 23:16:04',1),(491,'34108652','dni','MATIAS','ROJAS','1988-12-23',NULL,NULL,NULL,NULL,NULL,NULL,NULL,NULL,1,'2025-03-22 02:25:40','2025-05-01 01:45:39',29),(492,'32616292','dni','CRISTIAN DANIEL','ROJAS','1986-09-09',NULL,NULL,NULL,NULL,NULL,NULL,NULL,NULL,1,'2025-03-22 02:25:40','2025-05-02 14:30:09',23),(493,'34876430','dni','WALTER','ROJO','1989-12-01','','','','','','','',NULL,1,'2025-03-22 02:25:40','2025-03-22 02:25:40',1),(494,'29361096','dni','JOSE FRANCISCO','ROLLET','1982-05-17',NULL,NULL,NULL,NULL,NULL,NULL,NULL,NULL,1,'2025-03-22 02:25:40','2025-05-02 14:50:07',4),(495,'34801432','dni','ARIEL GERARDO','ROLON','1989-10-27','','','','','','','',NULL,1,'2025-03-22 02:25:40','2025-03-22 02:25:40',7),(496,'32079008','dni','PABLO','ROLON','1986-01-13',NULL,NULL,NULL,NULL,NULL,NULL,NULL,NULL,1,'2025-03-22 02:25:40','2025-05-01 01:56:42',18),(497,'29811162','dni','FACUNDO','ROLON','1983-05-30',NULL,NULL,NULL,NULL,NULL,NULL,NULL,NULL,1,'2025-03-22 02:25:40','2025-05-01 02:12:30',20),(498,'32388826','dni','NESTOR','ROLON','1986-08-10',NULL,NULL,NULL,NULL,NULL,NULL,NULL,NULL,1,'2025-03-22 02:25:40','2025-05-31 18:07:36',1),(499,'28027255','dni','JOSE M','ROMAN','1980-05-14',NULL,NULL,NULL,NULL,NULL,NULL,NULL,NULL,1,'2025-03-22 02:25:40','2025-05-02 15:25:44',28),(500,'30698618','dni','ARIEL','ROMAN','1985-06-02',NULL,NULL,NULL,NULL,'Bella Vista','Corrientes','3432',NULL,1,'2025-06-07 18:00:55','2025-06-24 19:02:07',23),(501,'32488989','dni','GASTON A.R.','ROMERO','1987-08-31',NULL,NULL,NULL,NULL,NULL,NULL,NULL,NULL,1,'2025-03-22 02:25:40','2025-05-01 01:52:17',13),(502,'33802620','dni','RICARDO','ROMERO','1988-02-28',NULL,NULL,NULL,NULL,NULL,NULL,NULL,NULL,1,'2025-03-22 02:25:40','2025-05-01 02:12:39',20),(503,'33451116','dni','EMILIO ADOLFO','ROMERO','1987-12-05',NULL,NULL,NULL,NULL,NULL,NULL,NULL,NULL,1,'2025-03-22 02:25:40','2025-05-01 02:12:49',24),(504,'31210805','dni','JOSE LUIS','ROMERO','1985-01-21',NULL,NULL,NULL,NULL,NULL,NULL,NULL,NULL,1,'2025-03-22 02:25:40','2025-05-01 02:16:38',9),(505,'22742677','dni','CARLOS','ROMERO','1972-10-30',NULL,NULL,NULL,NULL,NULL,NULL,NULL,NULL,1,'2025-03-22 02:25:40','2025-05-02 14:34:59',8),(506,'34759602','dni','RICARDO DARIO','ROMERO','1982-12-09',NULL,NULL,NULL,NULL,NULL,NULL,NULL,NULL,1,'2025-03-22 02:25:40','2025-05-02 14:54:30',26),(507,'30252873','dni','DIEGO JAVIER','ROMERO','1984-05-21',NULL,NULL,NULL,NULL,NULL,NULL,NULL,NULL,1,'2025-03-22 02:25:40','2025-05-02 15:15:34',27),(508,'26890091','dni','LUIS','ROMERO','1978-10-10','','','','','','','',NULL,1,'2025-03-22 02:25:40','2025-03-22 02:25:40',1),(509,'34759137','dni','DIEGO HERNAN','ROMERO A.','1990-01-02',NULL,NULL,NULL,NULL,NULL,NULL,NULL,NULL,1,'2025-03-22 02:25:40','2025-05-02 14:30:27',28),(510,'31666622','dni','JAVIER','ROTELA','1977-11-14',NULL,NULL,NULL,NULL,NULL,NULL,NULL,NULL,1,'2025-03-22 02:25:40','2025-05-01 01:22:16',6),(511,'18475050','dni','PEDRO B.','RUIZ DIAZ','1967-10-28',NULL,NULL,NULL,NULL,NULL,NULL,NULL,NULL,1,'2025-03-22 02:25:40','2025-05-01 01:52:27',13),(512,'36304859','dni','RUBEN DARIO','RUIZ DIAZ','1990-12-16',NULL,NULL,NULL,NULL,NULL,NULL,NULL,NULL,1,'2025-03-22 02:25:40','2025-05-02 14:35:09',8),(513,'32079032','dni','PABLO','RUIZ DIAZ','1986-01-22',NULL,NULL,NULL,NULL,NULL,NULL,NULL,NULL,1,'2025-03-22 02:25:40','2025-05-02 14:44:32',25),(514,'33983158','dni','GUILLERMO N.','SALAS','1988-07-27',NULL,NULL,NULL,NULL,NULL,NULL,NULL,NULL,1,'2025-03-22 02:25:40','2025-05-02 15:25:52',28),(515,'28940754','dni','LEONARDO','SALAZAR','1981-11-15',NULL,NULL,NULL,NULL,NULL,NULL,NULL,NULL,1,'2025-03-22 02:25:40','2025-05-02 15:19:45',10),(516,'32802148','dni','SEBASTIAN ELIAS','SALAZAR','1986-12-17',NULL,NULL,NULL,NULL,NULL,NULL,NULL,NULL,1,'2025-03-22 02:25:40','2025-05-02 15:19:53',10),(517,'24113023','dni','MARCELO','SALINA','1975-01-22',NULL,NULL,NULL,NULL,NULL,NULL,NULL,NULL,1,'2025-03-22 02:25:40','2025-05-01 01:59:42',7),(518,'22872422','dni','JORGE','SALINA','1972-08-09',NULL,NULL,NULL,NULL,NULL,NULL,NULL,NULL,1,'2025-03-22 02:25:40','2025-06-04 23:20:05',1),(519,'31525110','dni','DIEGO ABEL','SALINAS','1983-03-23',NULL,NULL,NULL,NULL,NULL,NULL,NULL,NULL,1,'2025-03-22 02:25:40','2025-05-01 01:27:08',16),(520,'27881921','dni','LUIS ALBERTO','SALINAS','1980-04-24',NULL,NULL,NULL,NULL,NULL,NULL,NULL,NULL,1,'2025-03-22 02:25:40','2025-05-01 02:05:21',3),(521,'21367167','dni','RAMON','SALINAS','1970-01-03',NULL,NULL,NULL,NULL,NULL,NULL,NULL,NULL,1,'2025-03-22 02:25:40','2025-05-01 02:13:36',20),(522,'26341035','dni','GUSTAVO','SALINAS','1977-12-07',NULL,NULL,NULL,NULL,NULL,NULL,NULL,NULL,1,'2025-03-22 02:25:40','2025-05-02 14:35:19',8),(523,'35473597','dni','GUSTAVO','SANCHEZ','1990-09-05',NULL,NULL,NULL,NULL,NULL,NULL,NULL,NULL,1,'2025-03-22 02:25:40','2025-05-01 01:27:19',1),(524,'27762649','dni','CARLOS M','SANCHEZ','1980-08-02',NULL,NULL,NULL,NULL,NULL,NULL,NULL,NULL,1,'2025-03-22 02:25:40','2025-05-01 02:12:58',20),(525,'32388980','dni','JUAN','SANCHEZ','1986-11-03',NULL,NULL,NULL,NULL,NULL,NULL,NULL,NULL,1,'2025-03-22 02:25:40','2025-05-01 02:13:09',20),(526,'24029536','dni','RAMON FELICIANO','SANCHEZ','1975-02-24',NULL,NULL,NULL,NULL,NULL,NULL,NULL,NULL,1,'2025-03-22 02:25:40','2025-05-02 14:24:54',22),(527,'29361203','dni','RAUL ERNESTO','SANCHEZ','1982-06-15',NULL,NULL,NULL,NULL,NULL,NULL,NULL,NULL,1,'2025-03-22 02:25:40','2025-05-02 14:30:36',23),(528,'24585795','dni','HUGO','SANCHEZ','1975-09-15',NULL,NULL,NULL,NULL,NULL,NULL,NULL,NULL,1,'2025-03-22 02:25:40','2025-05-02 14:35:28',8),(529,'23437195','dni','JUAN RAMON','SANCHEZ','1973-09-11',NULL,NULL,NULL,NULL,NULL,NULL,NULL,NULL,1,'2025-03-22 02:25:40','2025-05-02 15:10:09',12),(530,'26890079','dni','PEDRO','SANCHEZ','1978-11-06',NULL,NULL,NULL,NULL,NULL,NULL,NULL,NULL,1,'2025-03-22 02:25:40','2025-05-02 15:20:01',10),(531,'34656241','dni','MARTIN','SANCHEZ','1988-10-02',NULL,NULL,NULL,NULL,NULL,NULL,NULL,NULL,1,'2025-03-22 02:25:40','2025-05-02 15:26:01',28),(532,'22322877','dni','JOSE','SANCHEZ','1972-01-27','','','','','','','',NULL,1,'2025-03-22 02:25:40','2025-03-22 02:25:40',1),(533,'25851269','dni','GUSTAVO ARIEL','SAND','1977-01-12',NULL,NULL,NULL,NULL,NULL,NULL,NULL,NULL,1,'2025-03-22 02:25:40','2025-05-01 01:59:51',7),(534,'27567010','dni','AMILCAR RENE','SAND','1979-07-14',NULL,NULL,NULL,NULL,NULL,NULL,NULL,NULL,1,'2025-03-22 02:25:40','2025-05-02 14:39:52',24),(535,'28940532','dni','GERMAN EXEQUIEL','SAND','1981-07-16',NULL,NULL,NULL,NULL,NULL,NULL,NULL,NULL,1,'2025-03-22 02:25:40','2025-05-02 14:40:02',24),(536,'36445821','dni','ALBERTO MARTIN','SANDOVAL','1985-10-31',NULL,NULL,NULL,NULL,NULL,NULL,NULL,NULL,1,'2025-03-22 02:25:40','2025-05-01 01:03:18',5),(537,'27762805','dni','HUGO ORLANDO','SANDOVAL','1979-06-26',NULL,NULL,NULL,NULL,NULL,NULL,NULL,NULL,1,'2025-03-22 02:25:40','2025-05-01 01:17:21',14),(538,'34656313','dni','CLAUDIO','SANDOVAL','1989-04-13',NULL,NULL,NULL,NULL,NULL,NULL,NULL,NULL,1,'2025-03-22 02:25:40','2025-05-01 01:45:50',29),(539,'30779024','dni','JOSE PEDRO','SANDOVAL','1982-02-12',NULL,NULL,NULL,NULL,NULL,NULL,NULL,NULL,1,'2025-03-22 02:25:40','2025-05-01 01:56:58',18),(540,'26002133','dni','ROQUE','SANDOVAL','1982-05-11',NULL,NULL,NULL,NULL,NULL,NULL,NULL,NULL,1,'2025-03-22 02:25:40','2025-05-01 02:09:17',19),(541,'33802564','dni','ALFREDO GUSTAVO','SANDOVAL','1988-01-11',NULL,NULL,NULL,NULL,NULL,NULL,NULL,NULL,1,'2025-03-22 02:25:40','2025-06-04 22:55:59',1),(542,'29518237','dni','ROQUE ALBERTO','SANDOVAL','1982-11-07','','','','','','','',NULL,1,'2025-03-22 02:25:40','2025-03-22 02:25:40',1),(543,'31210761','dni','LEONARDO MIGUEL','SANDOVAL','1985-01-23',NULL,NULL,NULL,NULL,NULL,NULL,NULL,NULL,1,'2025-03-22 02:25:40','2025-05-02 15:20:10',10),(544,'26210226','dni','JAVIER','SANDOVAL','1977-09-27',NULL,NULL,NULL,NULL,NULL,NULL,'3432',NULL,1,'2025-06-07 16:24:02','2025-06-07 16:41:18',14),(545,'33802574','dni','ALFREDO GUSTAVO','SANDOVAL','1988-01-11',NULL,NULL,NULL,NULL,'Bella Vista','Corrientes','3432',NULL,1,'2025-06-07 16:39:48','2025-06-24 21:30:11',14),(546,'32100185','dni','JUAN ALBERTO','SANZ','1986-01-06',NULL,NULL,NULL,NULL,NULL,NULL,NULL,NULL,1,'2025-03-22 02:25:40','2025-05-02 14:40:10',24),(547,'33802588','dni','SERGIO','SAYA','1988-02-22',NULL,NULL,NULL,NULL,NULL,NULL,NULL,NULL,1,'2025-03-22 02:25:40','2025-05-02 15:10:43',12),(548,'32079030','dni','MATIAS NICOLAS','SCOFANO','1986-02-10',NULL,NULL,NULL,NULL,NULL,NULL,NULL,NULL,1,'2025-03-22 02:25:40','2025-05-01 01:52:37',13),(549,'26036929','dni','JOSE MANUEL','SCOFANO','1977-08-04',NULL,NULL,NULL,NULL,NULL,NULL,NULL,NULL,1,'2025-03-22 02:25:40','2025-05-02 14:35:38',8),(550,'33983109','dni','ANTONIO SEBASTIAN','SEGOVIA','1988-07-28',NULL,NULL,NULL,NULL,NULL,NULL,NULL,NULL,1,'2025-03-22 02:25:40','2025-05-02 14:40:22',24),(551,'30779488','dni','JULIO','SEGOVIA','1985-12-08',NULL,NULL,NULL,NULL,NULL,NULL,NULL,NULL,1,'2025-05-01 01:46:19','2025-05-01 01:46:30',29),(552,'27567023','dni','NESTOR','SELTZER','1979-07-05',NULL,NULL,NULL,NULL,NULL,NULL,NULL,NULL,1,'2025-03-22 02:25:40','2025-05-01 02:00:00',7),(553,'29518228','dni','WALTER RUBEN','SELTZER','1982-12-09',NULL,NULL,NULL,NULL,NULL,NULL,NULL,NULL,1,'2025-03-22 02:25:40','2025-05-02 14:55:37',26),(554,'32079041','dni','JUAN MANUEL','SELTZER','1986-02-19',NULL,NULL,NULL,NULL,NULL,NULL,NULL,NULL,1,'2025-03-22 02:25:40','2025-05-02 15:10:53',3),(555,'34656203','dni','JUAN JOSE','SENDRA','1989-03-13',NULL,NULL,NULL,NULL,NULL,NULL,NULL,NULL,1,'2025-03-22 02:25:40','2025-06-04 23:02:53',1),(556,'27567074','dni','LUIS ALBERTO','SERIAL','1979-08-27',NULL,NULL,NULL,NULL,NULL,NULL,NULL,NULL,1,'2025-03-22 02:25:40','2025-05-02 15:11:03',12),(557,'26913040','dni','HECTOR DAMIAN','SILVA','1979-09-07',NULL,NULL,NULL,NULL,'9 de julio','Corrientes',NULL,'1742675323.png',1,'2025-03-22 02:25:40','2025-05-01 01:07:39',2),(558,'33802728','dni','RICARDO','SILVA','1988-04-23',NULL,NULL,NULL,NULL,NULL,NULL,NULL,NULL,1,'2025-03-22 02:25:40','2025-05-02 14:55:58',26),(559,'29361157','dni','NESTOR CANDIDO','SILVA','1982-05-28',NULL,NULL,NULL,NULL,NULL,NULL,NULL,NULL,1,'2025-03-22 02:25:40','2025-05-02 15:11:14',12),(560,'30779252','dni','RAMON EDUARDO','SILVA','1984-04-23','','','','','','','',NULL,1,'2025-03-22 02:25:40','2025-03-22 02:25:40',12),(561,'33802609','dni','JOSE R.','SILVA','1988-02-24',NULL,NULL,NULL,NULL,NULL,NULL,NULL,NULL,1,'2025-03-22 02:25:40','2025-05-02 15:15:42',27),(562,'34891872','dni','GUILLERMO NICOLAS','SILVA VERA','1990-01-08',NULL,NULL,NULL,NULL,NULL,NULL,NULL,NULL,1,'2025-03-22 02:25:40','2025-05-01 01:53:10',13),(563,'36035109','dni','FEDERICO SEBASTIAN','SISI','1990-01-16',NULL,NULL,NULL,NULL,NULL,NULL,NULL,NULL,1,'2025-03-22 02:25:41','2025-05-01 01:14:16',17),(564,'28940761','dni','RAMON EDGARDO','SISI','1981-11-17',NULL,NULL,NULL,NULL,NULL,NULL,NULL,NULL,1,'2025-03-22 02:25:41','2025-05-01 01:27:29',16),(565,'30779128','dni','SERGIO FABIAN','SISTERNA','1984-02-08',NULL,NULL,NULL,NULL,NULL,NULL,NULL,NULL,1,'2025-03-22 02:25:41','2025-05-01 01:03:31',5),(566,'34654448','dni','YONATAN M','SISTERNA','1989-07-01',NULL,NULL,NULL,NULL,NULL,NULL,NULL,NULL,1,'2025-03-22 02:25:41','2025-05-01 01:57:06',18),(567,'29518100','dni','NESTOR DE JESUS','SOLER','1982-09-20',NULL,NULL,NULL,NULL,NULL,NULL,NULL,NULL,1,'2025-03-22 02:25:41','2025-05-02 14:44:45',1),(568,'32802395','dni','DIEGO ORLANDO','SOLER','1987-03-09',NULL,NULL,NULL,NULL,NULL,NULL,NULL,NULL,1,'2025-03-22 02:25:41','2025-05-02 14:46:06',1),(569,'31210774','dni','RITO RAMON','SOLIS','1985-01-11',NULL,NULL,NULL,NULL,NULL,NULL,NULL,NULL,1,'2025-03-22 02:25:41','2025-05-01 02:09:27',19),(570,'25732907','dni','LUIS ALFREDO','SOLIS','1977-02-04',NULL,NULL,NULL,NULL,NULL,NULL,NULL,NULL,1,'2025-03-22 02:25:41','2025-05-01 02:09:37',1),(571,'28347861','dni','ALBERTO RAMON','SOLIS','1981-05-11',NULL,NULL,NULL,NULL,NULL,NULL,NULL,NULL,1,'2025-03-22 02:25:41','2025-05-01 02:09:47',19),(572,'31690324','dni','RENZO RAMON','SOLIS','1985-09-18','','','','','','','',NULL,1,'2025-03-22 02:25:41','2025-03-22 02:25:41',1),(573,'28020063','dni','DIEGO RAUL','SOLIS','1980-08-25',NULL,'3777304887',NULL,NULL,'Bella Vista','Corrientes','3432',NULL,1,'2025-03-22 02:25:41','2025-03-25 14:52:12',4),(574,'29518103','dni','JORGE A.','SOLIS','1982-10-02',NULL,NULL,NULL,NULL,'Bella Vista','Corrientes','3432',NULL,1,'2025-06-07 17:35:18','2025-06-24 18:57:31',6),(575,'30001774','dni','GABRIEL','SOSA','1983-05-15',NULL,NULL,NULL,NULL,NULL,NULL,NULL,NULL,1,'2025-03-22 02:25:41','2025-05-01 01:18:38',14),(576,'31690397','dni','ANGEL JOSE','SOSA','1985-11-01',NULL,NULL,NULL,NULL,NULL,NULL,NULL,NULL,1,'2025-03-22 02:25:41','2025-05-01 01:27:43',16),(577,'33802541','dni','ALEJANDRO','SOSA','1988-01-05',NULL,NULL,NULL,NULL,NULL,NULL,NULL,NULL,1,'2025-03-22 02:25:41','2025-05-01 01:46:40',29),(578,'36304144','dni','MARTIN ANGEL','SOSA','1990-11-04',NULL,NULL,NULL,NULL,NULL,NULL,NULL,NULL,1,'2025-03-22 02:25:41','2025-05-01 01:57:16',18),(579,'30779437','dni','ERNESTO','SOSA','1984-08-01',NULL,NULL,NULL,NULL,NULL,NULL,NULL,NULL,1,'2025-03-22 02:25:41','2025-05-01 02:00:09',7),(580,'31210611','dni','FACUNDO','SOSA','1984-11-08',NULL,NULL,NULL,NULL,NULL,NULL,NULL,NULL,1,'2025-03-22 02:25:41','2025-05-01 02:04:34',3),(581,'32388726','dni','FERNANDO ARIEL','SOSA','1986-06-07',NULL,NULL,NULL,NULL,NULL,NULL,NULL,NULL,1,'2025-03-22 02:25:41','2025-05-02 14:44:55',25),(582,'30273617','dni','JAVIER ADRIAN','SOSA','1983-07-20',NULL,NULL,NULL,NULL,NULL,NULL,NULL,NULL,1,'2025-03-22 02:25:41','2025-05-02 15:28:42',11),(583,'28347704','dni','RAMON MANUEL','SOTELO','1981-02-12',NULL,NULL,NULL,NULL,NULL,NULL,NULL,NULL,1,'2025-03-22 02:25:41','2025-05-02 14:56:11',26),(584,'31754114','dni','RUBEN EMILIO','SOTO','1982-02-06',NULL,NULL,NULL,NULL,NULL,NULL,NULL,NULL,1,'2025-03-22 02:25:41','2025-05-02 14:30:47',23),(585,'33959292','dni','DARIO ANTONIO','SOTO','1989-02-08',NULL,NULL,NULL,NULL,NULL,NULL,NULL,NULL,1,'2025-03-22 02:25:41','2025-05-02 14:56:21',26),(586,'30076589','dni','MAURICIO','SOTOMAYOR','1984-12-27',NULL,NULL,NULL,NULL,NULL,NULL,NULL,NULL,1,'2025-03-22 02:25:41','2025-05-02 14:56:39',26),(587,'34656374','dni','ANDRES RICARDO','SOVERON','1989-05-26',NULL,NULL,NULL,NULL,NULL,NULL,NULL,NULL,1,'2025-03-22 02:25:41','2025-05-01 02:13:18',20),(588,'30779422','dni','CESAR ROLANDO','STRINATTI F','1984-08-09',NULL,NULL,NULL,NULL,NULL,NULL,NULL,NULL,1,'2025-03-22 02:25:41','2025-05-02 14:40:32',24),(589,'33518500','dni','ADRIAN ORLANDO','TEJERINA','1988-02-19',NULL,NULL,NULL,NULL,NULL,NULL,NULL,NULL,1,'2025-03-22 02:25:41','2025-05-02 14:45:05',25),(590,'33961747','dni','CRISTIAN','THEA','1988-07-19',NULL,NULL,NULL,NULL,NULL,NULL,NULL,NULL,1,'2025-03-22 02:25:41','2025-05-02 15:28:51',11),(591,'34884011','dni','NELSON EDGARDO','TOMAS','1989-12-29',NULL,NULL,NULL,NULL,NULL,NULL,NULL,NULL,1,'2025-03-22 02:25:41','2025-05-01 02:04:44',3),(592,'30273681','dni','JAVIER ALFREDO','TORRES','1980-08-30',NULL,NULL,NULL,NULL,NULL,NULL,NULL,NULL,1,'2025-03-22 02:25:41','2025-05-01 01:57:26',18),(593,'30303946','dni','PABLO SEBASTIAN','TORRES','1983-09-23',NULL,NULL,NULL,NULL,NULL,NULL,NULL,NULL,1,'2025-03-22 02:25:41','2025-05-01 02:00:18',7),(594,'25276823','dni','PABLO RAFAEL','TORRES','1976-06-14',NULL,NULL,NULL,NULL,NULL,NULL,NULL,NULL,1,'2025-03-22 02:25:41','2025-05-01 02:00:27',7),(595,'28952642','dni','JAVIER DAVID','TORRES','1981-08-04',NULL,NULL,NULL,NULL,NULL,NULL,NULL,NULL,1,'2025-03-22 02:25:41','2025-05-01 02:00:35',7),(596,'31525140','dni','PABLO ABEL','TORRES','1985-10-02',NULL,NULL,NULL,NULL,NULL,NULL,NULL,NULL,1,'2025-03-22 02:25:41','2025-05-02 15:29:00',11),(597,'31690316','dni','OSCAR','UMERES','1985-09-11',NULL,NULL,NULL,NULL,NULL,NULL,NULL,NULL,1,'2025-03-22 02:25:41','2025-05-01 02:16:47',9),(598,'27889151','dni','GABRIEL','VALENZUELA','1980-03-21',NULL,NULL,NULL,NULL,NULL,NULL,NULL,NULL,1,'2025-03-22 02:25:41','2025-05-01 01:07:49',2),(599,'30273733','dni','FRANCISCO','VALLEJO','1983-07-27',NULL,NULL,NULL,NULL,NULL,NULL,NULL,NULL,1,'2025-03-22 02:25:41','2025-05-02 14:45:16',25),(600,'31971988','dni','DIEGO ARIEL','VALLEJOS','1986-06-28',NULL,NULL,NULL,NULL,NULL,NULL,NULL,NULL,1,'2025-03-22 02:25:41','2025-05-01 01:14:28',17),(601,'16955218','dni','RUBEN OSCAR','VALLEJOS','1965-05-30',NULL,NULL,NULL,NULL,NULL,NULL,NULL,NULL,1,'2025-03-22 02:25:41','2025-05-01 01:57:35',1),(602,'31257460','dni','CRISTIAN ELIAN','VARGA','1986-07-22','','','','','','','',NULL,1,'2025-03-22 02:25:41','2025-03-22 02:25:41',1),(603,'27894001','dni','PEDRO EMILIO','VARGAS','1980-06-17',NULL,NULL,NULL,NULL,NULL,NULL,NULL,NULL,1,'2025-03-22 02:25:41','2025-05-02 15:04:33',26),(604,'33181449','dni','MARCO','VARGAS','1989-12-28',NULL,NULL,NULL,NULL,NULL,NULL,NULL,NULL,1,'2025-03-22 02:25:41','2025-05-02 15:20:18',10),(605,'26341021','dni','RUBEN','VASQUEZ','1977-11-14',NULL,NULL,NULL,NULL,NULL,NULL,NULL,NULL,1,'2025-03-22 02:25:41','2025-05-01 01:22:28',6),(606,'31690567','dni','DANIEL','VELAZQUEZ','1986-01-10',NULL,NULL,NULL,NULL,NULL,NULL,NULL,NULL,1,'2025-03-22 02:25:41','2025-05-02 15:29:08',29),(607,'36113378','dni','NICOLAS ELVIO ROBERTO','VENEGAS MARTINEZ','1990-10-01',NULL,NULL,NULL,NULL,NULL,NULL,NULL,NULL,1,'2025-03-22 02:25:41','2025-05-01 01:53:01',13),(608,'24801380','dni','JORGE ALFREDO','VERA','1975-08-07',NULL,NULL,NULL,NULL,NULL,NULL,NULL,NULL,1,'2025-03-22 02:25:41','2025-05-02 14:25:04',22),(609,'31690588','dni','DARIO ANTONIO','VERA','1981-12-25',NULL,NULL,NULL,NULL,NULL,NULL,NULL,NULL,1,'2025-03-22 02:25:41','2025-05-02 15:04:44',26),(610,'32388960','dni','HECTOR EMANUEL','VICCINI','1986-10-22',NULL,NULL,NULL,NULL,NULL,NULL,NULL,NULL,1,'2025-03-22 02:25:41','2025-03-29 18:19:07',5),(611,'28019888','dni','JAVIER','VICCINI','1980-06-14',NULL,NULL,NULL,NULL,NULL,NULL,NULL,NULL,1,'2025-03-22 02:25:41','2025-06-07 16:41:51',4),(612,'33802716','dni','LEONARDO JAVIER','VICCINI','1988-03-28',NULL,NULL,NULL,NULL,NULL,NULL,NULL,NULL,1,'2025-03-22 02:25:41','2025-05-02 15:29:16',11),(613,'25881161','dni','DAMIAN','VILLALBA','1987-07-21',NULL,NULL,NULL,NULL,NULL,NULL,NULL,NULL,1,'2025-03-22 02:25:41','2025-05-01 01:22:47',6),(614,'32388870','dni','MARCELO RAMON','VILLALBA','1986-09-10',NULL,NULL,NULL,NULL,NULL,NULL,NULL,NULL,1,'2025-03-22 02:25:41','2025-05-01 01:57:47',18),(615,'29518182','dni','FRANCISCO JAVIER','VILLALBA','1982-11-04',NULL,NULL,NULL,NULL,NULL,NULL,NULL,NULL,1,'2025-03-22 02:25:41','2025-05-02 15:15:54',27),(616,'34748771','dni','HUGO ANTONIO','VILLALVA','1990-04-01',NULL,NULL,NULL,NULL,NULL,NULL,NULL,NULL,1,'2025-03-22 02:25:41','2025-05-01 01:03:54',5),(617,'21996746','dni','NESTOR FABIAN','VILLALVA','1973-02-04',NULL,NULL,NULL,NULL,NULL,NULL,NULL,NULL,1,'2025-03-22 02:25:41','2025-05-02 14:35:50',8),(618,'33063796','dni','DAVID ANTONIO','VILLALVA','1987-05-28',NULL,NULL,NULL,NULL,NULL,NULL,NULL,NULL,1,'2025-03-22 02:25:41','2025-05-02 14:45:25',25),(619,'28921744','dni','CESAR D.','VILLALVA','1981-10-12',NULL,NULL,NULL,NULL,NULL,NULL,NULL,NULL,1,'2025-03-22 02:25:41','2025-05-02 15:26:17',28),(620,'31210783','dni','JULIO ORLANDO','VILLALVA','1985-02-03',NULL,NULL,NULL,NULL,NULL,NULL,NULL,NULL,1,'2025-03-22 02:25:41','2025-05-02 15:29:24',11),(621,'29927492','dni','JORGE MANUEL','VILLALVA','2027-05-03',NULL,NULL,NULL,NULL,NULL,NULL,NULL,NULL,1,'2025-05-28 03:59:50','2025-06-04 22:56:14',1),(622,'27066879','dni','ARIEL','VILLANUEVA','1979-02-04',NULL,NULL,NULL,NULL,NULL,NULL,NULL,NULL,1,'2025-03-22 02:25:41','2025-03-29 18:26:01',1),(623,'17884452','dni','NESTOR GABRIEL','VILLANUEVA','1966-09-04',NULL,NULL,NULL,NULL,NULL,NULL,NULL,NULL,1,'2025-03-22 02:25:41','2025-03-29 18:25:46',3),(624,'34801201','dni','HECTOR FERMIN','VILLANUEVA','1989-05-09',NULL,NULL,NULL,NULL,NULL,NULL,NULL,NULL,1,'2025-03-22 02:25:41','2025-05-02 15:11:23',12),(625,'31666520','dni','GERARDO','VILLAR','1985-05-18',NULL,NULL,NULL,NULL,NULL,NULL,NULL,NULL,1,'2025-03-22 02:25:41','2025-05-01 02:00:44',7),(626,'33304051','dni','HUGO','WILDEMER','1987-07-21',NULL,NULL,NULL,NULL,NULL,NULL,NULL,NULL,1,'2025-03-22 02:25:41','2025-05-01 01:22:58',6),(627,'28347698','dni','WALTER','WILDEMER','1981-02-16',NULL,NULL,NULL,NULL,NULL,NULL,NULL,NULL,1,'2025-03-22 02:25:41','2025-03-25 18:10:15',6),(628,'28977802','dni','JUAN PABLO','YACUZZI','1981-07-22',NULL,NULL,NULL,NULL,NULL,NULL,NULL,NULL,1,'2025-03-22 02:25:41','2025-05-01 01:52:48',13),(629,'36249661','dni','HORACIO MARTIN','ZACARIAS','1990-08-23',NULL,NULL,NULL,NULL,NULL,NULL,NULL,NULL,1,'2025-03-22 02:25:41','2025-06-24 19:46:33',21),(630,'18880582','dni','ESTEBAN EMANUEL','ZALESKI','1990-02-18',NULL,NULL,NULL,NULL,NULL,NULL,NULL,NULL,1,'2025-03-22 02:25:41','2025-05-01 02:22:02',19),(631,'30061380','dni','MARCELO','ZAPATA','1990-02-28',NULL,NULL,NULL,NULL,NULL,NULL,NULL,NULL,1,'2025-03-22 02:25:41','2025-05-02 14:31:03',23),(632,'23437104','dni','JOSE RAMON','ZARATE','1973-06-05','','','','','','','',NULL,1,'2025-03-22 02:25:41','2025-03-22 02:25:41',1),(633,'35035030','dni','CRISTIAN','ZARATE','1989-12-21',NULL,NULL,NULL,NULL,NULL,NULL,NULL,NULL,1,'2025-03-22 02:25:41','2025-05-02 14:36:01',8),(634,'36304180','dni','YONATHAN','ZARZA','1990-10-11',NULL,NULL,NULL,NULL,NULL,NULL,NULL,NULL,1,'2025-03-22 02:25:41','2025-05-01 02:01:03',7),(635,'34656438','dni','LUCAS RICARDO M','ZOLOAGA','1989-07-17',NULL,NULL,NULL,NULL,NULL,NULL,NULL,NULL,1,'2025-03-22 02:25:41','2025-05-02 15:29:32',11),(636,'30005423','dni','CARLOS GERARDO','BARRIOS','1984-02-11',NULL,NULL,NULL,NULL,'Bella Vista','Corrientes','3432',NULL,1,'2025-06-24 19:03:38','2025-06-24 19:03:38',23),(637,'23321552','dni','MAXIMO','LUXEN','1974-10-07',NULL,NULL,NULL,NULL,'Bella Vista','Corrientes','3432',NULL,1,'2025-06-24 19:04:38','2025-06-24 19:04:38',23),(638,'31210532','dni','CRISTIAN EDUARDO','ALMITON','1985-09-11',NULL,NULL,NULL,NULL,'Bella Vista','Corrientes','3432',NULL,1,'2025-06-24 19:09:46','2025-06-24 19:09:46',13),(639,'32839293','dni','GUSTAVO A.','OBREGON','1990-03-01',NULL,NULL,NULL,NULL,'Bella Vista','Corrientes','3432',NULL,1,'2025-06-24 19:13:05','2025-06-24 19:13:05',26),(640,'24026032','dni','JORGE','ACUÑA','1976-07-04',NULL,NULL,NULL,NULL,'Bella Vista','Corrientes','3432',NULL,1,'2025-06-24 19:14:23','2025-06-24 19:14:23',26),(641,'31686642','dni','ABEL','MEZA','1987-07-03',NULL,NULL,NULL,NULL,'Bella Vista','Corrientes','3432',NULL,1,'2025-06-24 19:15:02','2025-06-24 19:15:02',26),(642,'27895013','dni','WALDEMAR ADRIAN','PONCE','1982-05-04',NULL,NULL,NULL,NULL,'Bella Vista','Corrientes','3432',NULL,1,'2025-06-24 19:24:45','2025-06-24 19:24:45',22),(643,'30273759','dni','SILVIO NATALIO','ZALAZAR','1984-08-01',NULL,NULL,NULL,NULL,'Bella Vista','Corrientes','3432',NULL,1,'2025-06-24 19:25:26','2025-06-24 19:25:26',22),(644,'32802235','dni','HUGO JAVIER','FEYEN','1988-01-11',NULL,NULL,NULL,NULL,'Bella Vista','Corrientes','3432',NULL,1,'2025-06-24 19:34:19','2025-06-24 19:34:19',12),(645,'32802399','dni','RUBEN IGNACIO','AYALA','1988-01-08',NULL,NULL,NULL,NULL,'Bella Vista','Corrientes','3432',NULL,1,'2025-06-24 19:47:41','2025-06-24 19:47:41',21),(646,'40281820','dni','JUAN ALBERTO','PRADO','1987-09-03',NULL,NULL,NULL,NULL,'Bella Vista','Corrientes','3432',NULL,1,'2025-06-24 19:59:33','2025-06-24 19:59:33',9),(647,'30282830','dni','MARIO ARIEL','PEREIRA','1983-07-02',NULL,NULL,NULL,NULL,'Bella Vista','Corrientes','3432',NULL,1,'2025-06-24 20:00:15','2025-06-24 20:00:15',9),(648,'36304059','dni','FEDERICO S','INSAURRALDE','1990-09-07',NULL,NULL,NULL,NULL,'Bella Vista','Corrientes','3432',NULL,1,'2025-06-24 20:00:49','2025-06-24 20:00:49',9),(649,'31210980','dni','MIGUEL ANGEL','FERNANDEZ','1985-04-08',NULL,NULL,NULL,NULL,'Bella Vista','Corrientes','3432',NULL,1,'2025-06-24 20:03:53','2025-06-24 20:03:53',11),(650,'31666691','dni','GUILLERMO','SOSA','1986-07-12',NULL,NULL,NULL,NULL,'Bella Vista','Corrientes','3432',NULL,1,'2025-06-24 20:04:27','2025-06-24 20:04:27',11),(651,'31210945','dni','LUCAS','DANIEL','1985-04-02',NULL,NULL,NULL,NULL,'Bella Vista','Corrientes','3432',NULL,1,'2025-06-24 20:04:56','2025-06-24 20:04:56',11),(652,'32802373','dni','HERMINIO','SAUCEDO','1988-03-11',NULL,NULL,NULL,NULL,'Bella Vista','Corrientes','3432',NULL,1,'2025-06-24 20:48:05','2025-06-24 20:48:05',29),(653,'27213777','dni','HILARIO','CARRASCO','1981-05-06',NULL,NULL,NULL,NULL,'Bella Vista','Corrientes','3432',NULL,1,'2025-06-24 20:49:19','2025-06-24 20:49:19',29),(654,'31690336','dni','FRANCISCO ALBERTO','IBARRA','1987-09-01',NULL,NULL,NULL,NULL,'Bella Vista','Corrientes','3432',NULL,1,'2025-06-24 21:26:40','2025-06-24 21:26:40',27),(655,'22641708','dni','VENCE T.','OVIEDO','1974-04-03',NULL,NULL,NULL,NULL,'Bella Vista','Corrientes','3432',NULL,1,'2025-06-24 21:32:36','2025-06-24 21:32:36',28),(656,'34656236','dni','DARIO','GALARZA','1990-02-08',NULL,NULL,NULL,NULL,'Bella Vista','Corrientes','3432',NULL,1,'2025-06-24 21:33:50','2025-06-24 21:33:50',28),(657,'33983033','dni','JOSE LUIS','NUÑEZ','1988-07-08',NULL,NULL,NULL,NULL,'Bella Vista','Corrientes','3432',NULL,1,'2025-06-24 21:40:22','2025-06-24 21:40:22',10),(658,'29553296','dni','JORGE ABEL','HERMOSI','1990-01-01',NULL,NULL,NULL,NULL,'Bella Vista','Corrientes','3432',NULL,1,'2025-06-24 21:42:45','2025-06-24 21:42:45',16),(659,'36445445','dni','FRANCISCO ARIEL','VERON','1990-12-07',NULL,NULL,NULL,NULL,'Bella Vista','Corrientes','3432',NULL,1,'2025-06-24 21:43:31','2025-06-24 21:43:31',16),(660,'28921732','dni','MARIO LUIS','HERMOSI','1982-06-09',NULL,NULL,NULL,NULL,'Bella Vista','Corrientes','3432',NULL,1,'2025-06-24 21:44:08','2025-06-24 21:44:08',16),(661,'33304024','dni','FLORENCIO V.','CARDOZO','1988-06-07',NULL,NULL,NULL,NULL,'Bella Vista','Corrientes','3432',NULL,1,'2025-06-24 21:49:55','2025-06-24 21:49:55',25),(662,'32388843','dni','RUBEN','ROMERO','1986-08-26',NULL,NULL,NULL,NULL,'BELLA VISTA','CORRIENTES','3432',NULL,1,'2025-07-09 22:20:48','2025-07-09 22:23:23',3);
/*!40000 ALTER TABLE `jugadors` ENABLE KEYS */;
UNLOCK TABLES;

--
-- Table structure for table `migrations`
--

DROP TABLE IF EXISTS `migrations`;
/*!40101 SET @saved_cs_client     = @@character_set_client */;
/*!50503 SET character_set_client = utf8mb4 */;
CREATE TABLE `migrations` (
  `id` int unsigned NOT NULL AUTO_INCREMENT,
  `migration` varchar(255) COLLATE utf8mb4_unicode_ci NOT NULL,
  `batch` int NOT NULL,
  PRIMARY KEY (`id`)
) ENGINE=InnoDB AUTO_INCREMENT=27 DEFAULT CHARSET=utf8mb4 COLLATE=utf8mb4_unicode_ci;
/*!40101 SET character_set_client = @saved_cs_client */;

--
-- Dumping data for table `migrations`
--

LOCK TABLES `migrations` WRITE;
/*!40000 ALTER TABLE `migrations` DISABLE KEYS */;
INSERT INTO `migrations` VALUES (1,'0001_01_01_000000_create_users_table',1),(2,'0001_01_01_000001_create_cache_table',1),(3,'0001_01_01_000002_create_jobs_table',1),(4,'2025_03_14_132710_add_two_factor_columns_to_users_table',1),(5,'2025_03_14_132810_create_personal_access_tokens_table',1),(6,'2025_03_14_211008_create_jugadors_table',1),(7,'2025_03_14_211103_create_equipos_table',1),(8,'2025_03_26_215732_create_permission_tables',1),(9,'2025_04_01_130231_create_encuentros_table',1),(10,'2025_04_01_130319_create_estadistica_jugador_encuentros_table',1),(11,'2025_04_04_203932_create_categorias_table',1),(12,'2025_04_04_204926_create_campeonatos_table',1),(13,'2025_04_04_205507_create_grupos_table',1),(14,'2025_04_04_210302_create_puntajes_table',1),(15,'2025_04_04_210544_create_criterios_desempates_table',1),(16,'2025_04_07_152046_add_fairplay_fields_to_campeonatos_table',1),(17,'2025_04_09_144032_create_campeonato_equipo_table',1),(18,'2025_04_10_112249_create_canchas_table',1),(19,'2025_05_02_203812_create_sanciones_table',1),(20,'2025_05_10_204520_jugador_equipo',1),(21,'2025_06_14_120124_add_all_foreign_keys',1),(22,'2025_06_16_194200_make_cantidad_equipos_grupo_nullable_in_campeonatos_table',1),(23,'2025_06_16_213111_alter_grupos_table_add_nullable_cantidad_equipos',1),(24,'2025_06_16_213756_alter_equipos_table_add_nullable_campeonato_id',1),(25,'2025_06_16_225901_add_cancha_id_to_encuentros_table',1),(26,'2025_06_17_004210_add_grupo_id_to_encuentros_table',1);
/*!40000 ALTER TABLE `migrations` ENABLE KEYS */;
UNLOCK TABLES;

--
-- Table structure for table `model_has_permissions`
--

DROP TABLE IF EXISTS `model_has_permissions`;
/*!40101 SET @saved_cs_client     = @@character_set_client */;
/*!50503 SET character_set_client = utf8mb4 */;
CREATE TABLE `model_has_permissions` (
  `permission_id` bigint unsigned NOT NULL,
  `model_type` varchar(255) COLLATE utf8mb4_unicode_ci NOT NULL,
  `model_id` bigint unsigned NOT NULL,
  PRIMARY KEY (`permission_id`,`model_id`,`model_type`),
  KEY `model_has_permissions_model_id_model_type_index` (`model_id`,`model_type`),
  CONSTRAINT `model_has_permissions_permission_id_foreign` FOREIGN KEY (`permission_id`) REFERENCES `permissions` (`id`) ON DELETE CASCADE
) ENGINE=InnoDB DEFAULT CHARSET=utf8mb4 COLLATE=utf8mb4_unicode_ci;
/*!40101 SET character_set_client = @saved_cs_client */;

--
-- Dumping data for table `model_has_permissions`
--

LOCK TABLES `model_has_permissions` WRITE;
/*!40000 ALTER TABLE `model_has_permissions` DISABLE KEYS */;
/*!40000 ALTER TABLE `model_has_permissions` ENABLE KEYS */;
UNLOCK TABLES;

--
-- Table structure for table `model_has_roles`
--

DROP TABLE IF EXISTS `model_has_roles`;
/*!40101 SET @saved_cs_client     = @@character_set_client */;
/*!50503 SET character_set_client = utf8mb4 */;
CREATE TABLE `model_has_roles` (
  `role_id` bigint unsigned NOT NULL,
  `model_type` varchar(255) COLLATE utf8mb4_unicode_ci NOT NULL,
  `model_id` bigint unsigned NOT NULL,
  PRIMARY KEY (`role_id`,`model_id`,`model_type`),
  KEY `model_has_roles_model_id_model_type_index` (`model_id`,`model_type`),
  CONSTRAINT `model_has_roles_role_id_foreign` FOREIGN KEY (`role_id`) REFERENCES `roles` (`id`) ON DELETE CASCADE
) ENGINE=InnoDB DEFAULT CHARSET=utf8mb4 COLLATE=utf8mb4_unicode_ci;
/*!40101 SET character_set_client = @saved_cs_client */;

--
-- Dumping data for table `model_has_roles`
--

LOCK TABLES `model_has_roles` WRITE;
/*!40000 ALTER TABLE `model_has_roles` DISABLE KEYS */;
INSERT INTO `model_has_roles` VALUES (2,'App\\Models\\User',1),(4,'App\\Models\\User',2),(3,'App\\Models\\User',3),(3,'App\\Models\\User',4),(1,'App\\Models\\User',5),(1,'App\\Models\\User',6),(1,'App\\Models\\User',7),(1,'App\\Models\\User',8),(1,'App\\Models\\User',9),(1,'App\\Models\\User',10),(1,'App\\Models\\User',11),(1,'App\\Models\\User',12),(1,'App\\Models\\User',13),(1,'App\\Models\\User',14),(3,'App\\Models\\User',16);
/*!40000 ALTER TABLE `model_has_roles` ENABLE KEYS */;
UNLOCK TABLES;

--
-- Table structure for table `password_reset_tokens`
--

DROP TABLE IF EXISTS `password_reset_tokens`;
/*!40101 SET @saved_cs_client     = @@character_set_client */;
/*!50503 SET character_set_client = utf8mb4 */;
CREATE TABLE `password_reset_tokens` (
  `email` varchar(255) COLLATE utf8mb4_unicode_ci NOT NULL,
  `token` varchar(255) COLLATE utf8mb4_unicode_ci NOT NULL,
  `created_at` timestamp NULL DEFAULT NULL,
  PRIMARY KEY (`email`)
) ENGINE=InnoDB DEFAULT CHARSET=utf8mb4 COLLATE=utf8mb4_unicode_ci;
/*!40101 SET character_set_client = @saved_cs_client */;

--
-- Dumping data for table `password_reset_tokens`
--

LOCK TABLES `password_reset_tokens` WRITE;
/*!40000 ALTER TABLE `password_reset_tokens` DISABLE KEYS */;
/*!40000 ALTER TABLE `password_reset_tokens` ENABLE KEYS */;
UNLOCK TABLES;

--
-- Table structure for table `permissions`
--

DROP TABLE IF EXISTS `permissions`;
/*!40101 SET @saved_cs_client     = @@character_set_client */;
/*!50503 SET character_set_client = utf8mb4 */;
CREATE TABLE `permissions` (
  `id` bigint unsigned NOT NULL AUTO_INCREMENT,
  `name` varchar(255) COLLATE utf8mb4_unicode_ci NOT NULL,
  `guard_name` varchar(255) COLLATE utf8mb4_unicode_ci NOT NULL,
  `created_at` timestamp NULL DEFAULT NULL,
  `updated_at` timestamp NULL DEFAULT NULL,
  PRIMARY KEY (`id`),
  UNIQUE KEY `permissions_name_guard_name_unique` (`name`,`guard_name`)
) ENGINE=InnoDB AUTO_INCREMENT=12 DEFAULT CHARSET=utf8mb4 COLLATE=utf8mb4_unicode_ci;
/*!40101 SET character_set_client = @saved_cs_client */;

--
-- Dumping data for table `permissions`
--

LOCK TABLES `permissions` WRITE;
/*!40000 ALTER TABLE `permissions` DISABLE KEYS */;
INSERT INTO `permissions` VALUES (1,'ver equipo','web','2025-06-24 23:03:19','2025-06-24 23:03:19'),(2,'ver jugador','web','2025-06-24 23:03:27','2025-06-24 23:03:27'),(3,'crear jugador','web','2025-06-24 23:03:34','2025-06-24 23:03:34'),(4,'crear equipo','web','2025-06-24 23:03:41','2025-06-24 23:03:41'),(5,'editar jugador','web','2025-06-24 23:03:48','2025-06-24 23:03:48'),(6,'administrador','web','2025-08-23 14:47:55','2025-08-23 14:47:55'),(7,'comision','web','2025-08-23 14:51:40','2025-08-23 14:51:40'),(8,'usuario','web','2025-08-23 14:53:12','2025-08-23 14:53:12'),(9,'imprimir','web','2025-08-23 16:08:47','2025-08-23 16:08:47'),(10,'exportar','web','2025-08-23 16:08:52','2025-08-23 16:08:52'),(11,'cargar gol','web','2025-08-23 16:09:07','2025-08-23 16:09:07');
/*!40000 ALTER TABLE `permissions` ENABLE KEYS */;
UNLOCK TABLES;

--
-- Table structure for table `personal_access_tokens`
--

DROP TABLE IF EXISTS `personal_access_tokens`;
/*!40101 SET @saved_cs_client     = @@character_set_client */;
/*!50503 SET character_set_client = utf8mb4 */;
CREATE TABLE `personal_access_tokens` (
  `id` bigint unsigned NOT NULL AUTO_INCREMENT,
  `tokenable_type` varchar(255) COLLATE utf8mb4_unicode_ci NOT NULL,
  `tokenable_id` bigint unsigned NOT NULL,
  `name` varchar(255) COLLATE utf8mb4_unicode_ci NOT NULL,
  `token` varchar(64) COLLATE utf8mb4_unicode_ci NOT NULL,
  `abilities` text COLLATE utf8mb4_unicode_ci,
  `last_used_at` timestamp NULL DEFAULT NULL,
  `expires_at` timestamp NULL DEFAULT NULL,
  `created_at` timestamp NULL DEFAULT NULL,
  `updated_at` timestamp NULL DEFAULT NULL,
  PRIMARY KEY (`id`),
  UNIQUE KEY `personal_access_tokens_token_unique` (`token`),
  KEY `personal_access_tokens_tokenable_type_tokenable_id_index` (`tokenable_type`,`tokenable_id`)
) ENGINE=InnoDB DEFAULT CHARSET=utf8mb4 COLLATE=utf8mb4_unicode_ci;
/*!40101 SET character_set_client = @saved_cs_client */;

--
-- Dumping data for table `personal_access_tokens`
--

LOCK TABLES `personal_access_tokens` WRITE;
/*!40000 ALTER TABLE `personal_access_tokens` DISABLE KEYS */;
/*!40000 ALTER TABLE `personal_access_tokens` ENABLE KEYS */;
UNLOCK TABLES;

--
-- Table structure for table `puntajes`
--

DROP TABLE IF EXISTS `puntajes`;
/*!40101 SET @saved_cs_client     = @@character_set_client */;
/*!50503 SET character_set_client = utf8mb4 */;
CREATE TABLE `puntajes` (
  `id` bigint unsigned NOT NULL AUTO_INCREMENT,
  `puntos` int NOT NULL DEFAULT '0',
  `dif_goles` int NOT NULL DEFAULT '0',
  `goles_favor` int NOT NULL DEFAULT '0',
  `fair_play` int NOT NULL DEFAULT '0',
  `created_at` timestamp NULL DEFAULT NULL,
  `updated_at` timestamp NULL DEFAULT NULL,
  `equipo_id` bigint unsigned NOT NULL,
  PRIMARY KEY (`id`),
  KEY `puntajes_equipo_id_foreign` (`equipo_id`),
  CONSTRAINT `puntajes_equipo_id_foreign` FOREIGN KEY (`equipo_id`) REFERENCES `equipos` (`id`) ON DELETE CASCADE
) ENGINE=InnoDB DEFAULT CHARSET=utf8mb4 COLLATE=utf8mb4_unicode_ci;
/*!40101 SET character_set_client = @saved_cs_client */;

--
-- Dumping data for table `puntajes`
--

LOCK TABLES `puntajes` WRITE;
/*!40000 ALTER TABLE `puntajes` DISABLE KEYS */;
/*!40000 ALTER TABLE `puntajes` ENABLE KEYS */;
UNLOCK TABLES;

--
-- Table structure for table `role_has_permissions`
--

DROP TABLE IF EXISTS `role_has_permissions`;
/*!40101 SET @saved_cs_client     = @@character_set_client */;
/*!50503 SET character_set_client = utf8mb4 */;
CREATE TABLE `role_has_permissions` (
  `permission_id` bigint unsigned NOT NULL,
  `role_id` bigint unsigned NOT NULL,
  PRIMARY KEY (`permission_id`,`role_id`),
  KEY `role_has_permissions_role_id_foreign` (`role_id`),
  CONSTRAINT `role_has_permissions_permission_id_foreign` FOREIGN KEY (`permission_id`) REFERENCES `permissions` (`id`) ON DELETE CASCADE,
  CONSTRAINT `role_has_permissions_role_id_foreign` FOREIGN KEY (`role_id`) REFERENCES `roles` (`id`) ON DELETE CASCADE
) ENGINE=InnoDB DEFAULT CHARSET=utf8mb4 COLLATE=utf8mb4_unicode_ci;
/*!40101 SET character_set_client = @saved_cs_client */;

--
-- Dumping data for table `role_has_permissions`
--

LOCK TABLES `role_has_permissions` WRITE;
/*!40000 ALTER TABLE `role_has_permissions` DISABLE KEYS */;
INSERT INTO `role_has_permissions` VALUES (8,1),(6,2),(7,2),(7,3),(9,3),(10,3),(11,3),(11,4);
/*!40000 ALTER TABLE `role_has_permissions` ENABLE KEYS */;
UNLOCK TABLES;

--
-- Table structure for table `roles`
--

DROP TABLE IF EXISTS `roles`;
/*!40101 SET @saved_cs_client     = @@character_set_client */;
/*!50503 SET character_set_client = utf8mb4 */;
CREATE TABLE `roles` (
  `id` bigint unsigned NOT NULL AUTO_INCREMENT,
  `name` varchar(255) COLLATE utf8mb4_unicode_ci NOT NULL,
  `guard_name` varchar(255) COLLATE utf8mb4_unicode_ci NOT NULL,
  `created_at` timestamp NULL DEFAULT NULL,
  `updated_at` timestamp NULL DEFAULT NULL,
  PRIMARY KEY (`id`),
  UNIQUE KEY `roles_name_guard_name_unique` (`name`,`guard_name`)
) ENGINE=InnoDB AUTO_INCREMENT=5 DEFAULT CHARSET=utf8mb4 COLLATE=utf8mb4_unicode_ci;
/*!40101 SET character_set_client = @saved_cs_client */;

--
-- Dumping data for table `roles`
--

LOCK TABLES `roles` WRITE;
/*!40000 ALTER TABLE `roles` DISABLE KEYS */;
INSERT INTO `roles` VALUES (1,'usuario','web','2025-06-24 15:03:28','2025-06-24 15:03:28'),(2,'administrador','web','2025-06-24 15:08:49','2025-06-24 15:08:49'),(3,'comision','web','2025-06-24 15:12:00','2025-06-24 15:12:00'),(4,'planillero','web','2025-07-05 14:57:02','2025-07-05 14:57:02');
/*!40000 ALTER TABLE `roles` ENABLE KEYS */;
UNLOCK TABLES;

--
-- Table structure for table `sanciones`
--

DROP TABLE IF EXISTS `sanciones`;
/*!40101 SET @saved_cs_client     = @@character_set_client */;
/*!50503 SET character_set_client = utf8mb4 */;
CREATE TABLE `sanciones` (
  `id` bigint unsigned NOT NULL AUTO_INCREMENT,
  `fecha_sancion` int NOT NULL,
  `motivo` varchar(255) COLLATE utf8mb4_unicode_ci NOT NULL,
  `partidos_sancionados` tinyint unsigned NOT NULL DEFAULT '1',
  `partidos_cumplidos` tinyint unsigned NOT NULL DEFAULT '0',
  `observacion` text COLLATE utf8mb4_unicode_ci,
  `cumplida` tinyint(1) NOT NULL DEFAULT '0',
  `created_at` timestamp NULL DEFAULT NULL,
  `updated_at` timestamp NULL DEFAULT NULL,
  `jugador_id` bigint unsigned NOT NULL,
  `campeonato_id` bigint unsigned NOT NULL,
  PRIMARY KEY (`id`),
  KEY `sanciones_jugador_id_foreign` (`jugador_id`),
  KEY `sanciones_campeonato_id_foreign` (`campeonato_id`),
  CONSTRAINT `sanciones_campeonato_id_foreign` FOREIGN KEY (`campeonato_id`) REFERENCES `campeonatos` (`id`),
  CONSTRAINT `sanciones_jugador_id_foreign` FOREIGN KEY (`jugador_id`) REFERENCES `jugadors` (`id`)
) ENGINE=InnoDB AUTO_INCREMENT=13 DEFAULT CHARSET=utf8mb4 COLLATE=utf8mb4_unicode_ci;
/*!40101 SET character_set_client = @saved_cs_client */;

--
-- Dumping data for table `sanciones`
--

LOCK TABLES `sanciones` WRITE;
/*!40000 ALTER TABLE `sanciones` DISABLE KEYS */;
INSERT INTO `sanciones` VALUES (1,15,'roja directa',2,0,NULL,0,'2025-06-25 11:47:17','2025-06-25 11:58:17',424,1),(2,15,'roja directa',2,0,NULL,0,'2025-06-25 11:49:12','2025-06-25 11:58:17',392,1),(3,15,'roja directa',2,0,NULL,0,'2025-06-25 11:49:47','2025-06-25 11:58:17',308,1),(4,14,'roja directa',2,1,NULL,0,'2025-06-25 11:50:32','2025-06-25 11:58:17',631,1),(5,15,'roja directa',3,0,NULL,0,'2025-06-25 11:51:16','2025-06-25 11:58:17',148,1),(6,15,'roja directa',3,0,NULL,0,'2025-06-25 11:51:43','2025-06-25 11:58:17',360,1),(7,10,'roja directa',48,5,'1 año de suspensión ',0,'2025-06-25 11:52:36','2025-06-25 11:58:17',566,1),(8,15,'roja directa',7,0,NULL,0,'2025-06-25 11:55:18','2025-06-25 11:58:17',525,1),(9,14,'roja directa',2,1,NULL,0,'2025-06-25 11:56:22','2025-06-25 11:58:17',201,1),(10,15,'roja directa',2,0,NULL,0,'2025-06-25 11:56:58','2025-06-25 11:58:17',35,1),(11,15,'roja directa',3,0,NULL,0,'2025-06-25 11:57:33','2025-06-25 11:58:17',531,1),(12,14,'roja directa',2,1,NULL,0,'2025-06-25 11:58:06','2025-06-25 11:58:17',337,1);
/*!40000 ALTER TABLE `sanciones` ENABLE KEYS */;
UNLOCK TABLES;

--
-- Table structure for table `sessions`
--

DROP TABLE IF EXISTS `sessions`;
/*!40101 SET @saved_cs_client     = @@character_set_client */;
/*!50503 SET character_set_client = utf8mb4 */;
CREATE TABLE `sessions` (
  `id` varchar(255) COLLATE utf8mb4_unicode_ci NOT NULL,
  `user_id` bigint unsigned DEFAULT NULL,
  `ip_address` varchar(45) COLLATE utf8mb4_unicode_ci DEFAULT NULL,
  `user_agent` text COLLATE utf8mb4_unicode_ci,
  `payload` longtext COLLATE utf8mb4_unicode_ci NOT NULL,
  `last_activity` int NOT NULL,
  PRIMARY KEY (`id`),
  KEY `sessions_user_id_index` (`user_id`),
  KEY `sessions_last_activity_index` (`last_activity`)
) ENGINE=InnoDB DEFAULT CHARSET=utf8mb4 COLLATE=utf8mb4_unicode_ci;
/*!40101 SET character_set_client = @saved_cs_client */;

--
-- Dumping data for table `sessions`
--

LOCK TABLES `sessions` WRITE;
/*!40000 ALTER TABLE `sessions` DISABLE KEYS */;
INSERT INTO `sessions` VALUES ('1yGHUxX2kOxtkAgGoUIeNv9DDJyNqKCPQLlSAq31',NULL,'199.45.155.99','Mozilla/5.0 (compatible; CensysInspect/1.1; +https://about.censys.io/)','YTozOntzOjY6Il90b2tlbiI7czo0MDoiQndMS3RoTVBoWU9wVld2WHRubmxQQjJuTXJEamJvQlA1UUU3V2dGeSI7czo5OiJfcHJldmlvdXMiO2E6MTp7czozOiJ1cmwiO3M6MjY6Imh0dHBzOi8vdmV0ZXJhbm9zYnYuY29tLmFyIjt9czo2OiJfZmxhc2giO2E6Mjp7czozOiJvbGQiO2E6MDp7fXM6MzoibmV3IjthOjA6e319fQ==',1757301230),('2UjFH8KLEzsiLmzbsE5CY94SC92OrYbxhBRV5ljX',NULL,'157.245.102.243','Mozilla/5.0 (iPhone; CPU iPhone OS 15_0) AppleWebKit/605.1.15 Safari/604.1','YTozOntzOjY6Il90b2tlbiI7czo0MDoiN0xsVWljWHpjSGgzbEFDMndqTVdvS2dqbU9ybGdLUHdSc1pwYlBiRSI7czo5OiJfcHJldmlvdXMiO2E6MTp7czozOiJ1cmwiO3M6MjY6Imh0dHBzOi8vdmV0ZXJhbm9zYnYuY29tLmFyIjt9czo2OiJfZmxhc2giO2E6Mjp7czozOiJvbGQiO2E6MDp7fXM6MzoibmV3IjthOjA6e319fQ==',1757258978),('5gaSdiOlfAL7OkydO5TAzeXI6aBZCtzOparnHczK',NULL,'190.183.28.52','Mozilla/5.0 (Windows NT 10.0; Win64; x64) AppleWebKit/537.36 (KHTML, like Gecko) Chrome/139.0.0.0 Safari/537.36 Edg/139.0.0.0','YTozOntzOjY6Il90b2tlbiI7czo0MDoiOThNYjd2T2puZzFjMkl1UDdlWjJKVEJQcVZVQ01PTTdiSkxtelNXYiI7czo2OiJfZmxhc2giO2E6Mjp7czozOiJvbGQiO2E6MDp7fXM6MzoibmV3IjthOjA6e319czo5OiJfcHJldmlvdXMiO2E6MTp7czozOiJ1cmwiO3M6MjY6Imh0dHBzOi8vdmV0ZXJhbm9zYnYuY29tLmFyIjt9fQ==',1757255658),('6hbu2AUjRcXuJml7JqUwBggDleBNnHBzqntIkgTG',NULL,'181.9.213.168','Mozilla/5.0 (Linux; Android 10; K) AppleWebKit/537.36 (KHTML, like Gecko) Chrome/140.0.0.0 Mobile Safari/537.36','YTozOntzOjY6Il90b2tlbiI7czo0MDoiRHZHM1FlM1h0SE1uUjlNTVBUREV5bDdsM2hyb0NCbGN2ZkltZ0tseSI7czo5OiJfcHJldmlvdXMiO2E6MTp7czozOiJ1cmwiO3M6MjY6Imh0dHBzOi8vdmV0ZXJhbm9zYnYuY29tLmFyIjt9czo2OiJfZmxhc2giO2E6Mjp7czozOiJvbGQiO2E6MDp7fXM6MzoibmV3IjthOjA6e319fQ==',1757253733),('AlYC9NePsw6Dbapys521VU6nCOv4yt9WdCgTvz3N',NULL,'199.45.155.86','Mozilla/5.0 (compatible; CensysInspect/1.1; +https://about.censys.io/)','YTozOntzOjY6Il90b2tlbiI7czo0MDoiUk85ZmltNkdIWlJBejgzV2hISTdzOTRmcGZRMzBhV05UNmNESE9uMiI7czo5OiJfcHJldmlvdXMiO2E6MTp7czozOiJ1cmwiO3M6MjY6Imh0dHBzOi8vdmV0ZXJhbm9zYnYuY29tLmFyIjt9czo2OiJfZmxhc2giO2E6Mjp7czozOiJvbGQiO2E6MDp7fXM6MzoibmV3IjthOjA6e319fQ==',1757308824),('Bl082n3L4YkrfWkEor2FPXVsqefVlkBR7UHnlZWK',NULL,'157.245.102.243','python-requests/2.32.4','YTozOntzOjY6Il90b2tlbiI7czo0MDoiMERIZDBDWjVmZE9hSEFxSXFGOHcwU3p6TklUNTM5dGhwYVZsSFcxRCI7czo5OiJfcHJldmlvdXMiO2E6MTp7czozOiJ1cmwiO3M6MjY6Imh0dHBzOi8vdmV0ZXJhbm9zYnYuY29tLmFyIjt9czo2OiJfZmxhc2giO2E6Mjp7czozOiJvbGQiO2E6MDp7fXM6MzoibmV3IjthOjA6e319fQ==',1757258977),('iQ295xUGiGMoBC2vEP4g6uMKWtWloARjjoMCknEi',NULL,'40.77.167.132','Mozilla/5.0 AppleWebKit/537.36 (KHTML, like Gecko; compatible; bingbot/2.0; +http://www.bing.com/bingbot.htm) Chrome/116.0.1938.76 Safari/537.36','YTozOntzOjY6Il90b2tlbiI7czo0MDoiSjk3bnBDT3VUVzl3OEtaaTU2bWVqZGhmRUJ5UXRHQ0hYMzlJeHRwZCI7czo5OiJfcHJldmlvdXMiO2E6MTp7czozOiJ1cmwiO3M6MjY6Imh0dHBzOi8vdmV0ZXJhbm9zYnYuY29tLmFyIjt9czo2OiJfZmxhc2giO2E6Mjp7czozOiJvbGQiO2E6MDp7fXM6MzoibmV3IjthOjA6e319fQ==',1757256147),('j1iNJcQAzTnJs3kza1UvTFBO6Qeslz9qVE9XWHqH',NULL,'190.183.28.52','Mozilla/5.0 (Windows NT 10.0; Win64; x64) AppleWebKit/537.36 (KHTML, like Gecko) Chrome/140.0.0.0 Safari/537.36','YTozOntzOjY6Il90b2tlbiI7czo0MDoiQ2NXajU4N1FrdWRScUNqVlRsWkVvdmVuT00xMmRvbGEySWZvWFNueCI7czo5OiJfcHJldmlvdXMiO2E6MTp7czozOiJ1cmwiO3M6MzI6Imh0dHBzOi8vdmV0ZXJhbm9zYnYuY29tLmFyL2xvZ2luIjt9czo2OiJfZmxhc2giO2E6Mjp7czozOiJvbGQiO2E6MDp7fXM6MzoibmV3IjthOjA6e319fQ==',1757255698),('lFYKAZaUBulowW9TihX4xCQDbuQ2nRi7i4K7Kvr0',NULL,'45.182.220.20','Mozilla/5.0 (Windows NT 10.0; Win64; x64) AppleWebKit/537.36 (KHTML, like Gecko) Chrome/140.0.0.0 Safari/537.36','YTozOntzOjY6Il90b2tlbiI7czo0MDoiMmI3YmUwVXJhM1JWTlBmRkN5R243MlBVbU4xTTYxU0hJcFZSQ2ZMSiI7czo5OiJfcHJldmlvdXMiO2E6MTp7czozOiJ1cmwiO3M6MjY6Imh0dHBzOi8vdmV0ZXJhbm9zYnYuY29tLmFyIjt9czo2OiJfZmxhc2giO2E6Mjp7czozOiJvbGQiO2E6MDp7fXM6MzoibmV3IjthOjA6e319fQ==',1757335319),('nbYsHsx5l9lzUvsjdoguMtkbe4vtAKTVrWN1FTz1',NULL,'172.182.226.69','Python/3.9 aiohttp/3.10.6','YTozOntzOjY6Il90b2tlbiI7czo0MDoiZTdwWHdTUTVJaTRyS2RnUjJGYVliSlJ6VlRKQ3JxZ1FLSmsxYkEwcyI7czo5OiJfcHJldmlvdXMiO2E6MTp7czozOiJ1cmwiO3M6MjY6Imh0dHBzOi8vdmV0ZXJhbm9zYnYuY29tLmFyIjt9czo2OiJfZmxhc2giO2E6Mjp7czozOiJvbGQiO2E6MDp7fXM6MzoibmV3IjthOjA6e319fQ==',1757265247),('nXvW0PkP5UHHZnj3OPZXm9QDkJk7S3q3CWVCU1s1',NULL,'17.241.227.141','Mozilla/5.0 (Macintosh; Intel Mac OS X 10_15_7) AppleWebKit/605.1.15 (KHTML, like Gecko) Version/17.4 Safari/605.1.15 (Applebot/0.1; +http://www.apple.com/go/applebot)','YTozOntzOjY6Il90b2tlbiI7czo0MDoiaUk3ZUZ1eXE5dWJ0ajRzUjBEb1hvdUh0alowS2VqTHBONW13OThyaCI7czo5OiJfcHJldmlvdXMiO2E6MTp7czozOiJ1cmwiO3M6NDI6Imh0dHBzOi8vdmV0ZXJhbm9zYnYuY29tLmFyL2ZvcmdvdC1wYXNzd29yZCI7fXM6NjoiX2ZsYXNoIjthOjI6e3M6Mzoib2xkIjthOjA6e31zOjM6Im5ldyI7YTowOnt9fX0=',1757248949),('snNgMA0eWLLnIw20cMb69SkHNWmVjNtjeRUE1U1W',NULL,'31.13.127.9','meta-externalagent/1.1 (+https://developers.facebook.com/docs/sharing/webmasters/crawler)','YTozOntzOjY6Il90b2tlbiI7czo0MDoibExzbDFnaUtIWGdXNVhyR1ZaN08yUHN5Sjh0S2c2TW1vYkxjckdxMSI7czo5OiJfcHJldmlvdXMiO2E6MTp7czozOiJ1cmwiO3M6MjY6Imh0dHBzOi8vdmV0ZXJhbm9zYnYuY29tLmFyIjt9czo2OiJfZmxhc2giO2E6Mjp7czozOiJvbGQiO2E6MDp7fXM6MzoibmV3IjthOjA6e319fQ==',1757280246),('Ws3l0W4RzqnkVsY1jnsaO8ZeMOXVZjzwvsuWILRi',NULL,'45.183.52.11','Mozilla/5.0 (Linux; Android 10; K) AppleWebKit/537.36 (KHTML, like Gecko) Chrome/139.0.0.0 Mobile Safari/537.36','YTozOntzOjY6Il90b2tlbiI7czo0MDoiMVRwWU9XTVB3TkphcWZRTElyTzYwMXpKeHpOMWR1S1ozcU15TDhOQyI7czo5OiJfcHJldmlvdXMiO2E6MTp7czozOiJ1cmwiO3M6MjY6Imh0dHBzOi8vdmV0ZXJhbm9zYnYuY29tLmFyIjt9czo2OiJfZmxhc2giO2E6Mjp7czozOiJvbGQiO2E6MDp7fXM6MzoibmV3IjthOjA6e319fQ==',1757341907),('yvps8FHO2627CPgDIYr2SBA9tp0XQNLvBuo30S3G',NULL,'17.241.75.25','Mozilla/5.0 (Macintosh; Intel Mac OS X 10_15_7) AppleWebKit/605.1.15 (KHTML, like Gecko) Version/17.4 Safari/605.1.15 (Applebot/0.1; +http://www.apple.com/go/applebot)','YTozOntzOjY6Il90b2tlbiI7czo0MDoiRkFuWWcxNklsYVpHRjAzcFNGbXFmNHgzM3NZSEhNOVI5NHRydDhJdSI7czo5OiJfcHJldmlvdXMiO2E6MTp7czozOiJ1cmwiO3M6NDI6Imh0dHBzOi8vdmV0ZXJhbm9zYnYuY29tLmFyL2ZvcmdvdC1wYXNzd29yZCI7fXM6NjoiX2ZsYXNoIjthOjI6e3M6Mzoib2xkIjthOjA6e31zOjM6Im5ldyI7YTowOnt9fX0=',1757286883);
/*!40000 ALTER TABLE `sessions` ENABLE KEYS */;
UNLOCK TABLES;

--
-- Table structure for table `users`
--

DROP TABLE IF EXISTS `users`;
/*!40101 SET @saved_cs_client     = @@character_set_client */;
/*!50503 SET character_set_client = utf8mb4 */;
CREATE TABLE `users` (
  `id` bigint unsigned NOT NULL AUTO_INCREMENT,
  `name` varchar(255) COLLATE utf8mb4_unicode_ci NOT NULL,
  `email` varchar(255) COLLATE utf8mb4_unicode_ci NOT NULL,
  `email_verified_at` timestamp NULL DEFAULT NULL,
  `password` varchar(255) COLLATE utf8mb4_unicode_ci NOT NULL,
  `two_factor_secret` text COLLATE utf8mb4_unicode_ci,
  `two_factor_recovery_codes` text COLLATE utf8mb4_unicode_ci,
  `two_factor_confirmed_at` timestamp NULL DEFAULT NULL,
  `remember_token` varchar(100) COLLATE utf8mb4_unicode_ci DEFAULT NULL,
  `current_team_id` bigint unsigned DEFAULT NULL,
  `profile_photo_path` varchar(2048) COLLATE utf8mb4_unicode_ci DEFAULT NULL,
  `created_at` timestamp NULL DEFAULT NULL,
  `updated_at` timestamp NULL DEFAULT NULL,
  PRIMARY KEY (`id`),
  UNIQUE KEY `users_email_unique` (`email`)
) ENGINE=InnoDB AUTO_INCREMENT=17 DEFAULT CHARSET=utf8mb4 COLLATE=utf8mb4_unicode_ci;
/*!40101 SET character_set_client = @saved_cs_client */;

--
-- Dumping data for table `users`
--

LOCK TABLES `users` WRITE;
/*!40000 ALTER TABLE `users` DISABLE KEYS */;
INSERT INTO `users` VALUES (1,'cesar','cesarmendez.seo@gmail.com',NULL,'$2y$12$LmcPmcsEKl.qVluE32zMdeR5Z3j7Xxu/fUj5VNWAMAXNbs4i5jQYy',NULL,NULL,NULL,'jxi35mEh6EMEdYXD4so6euoPx5BLlJGu3sEkxofO6QbyjaHNtY2N1zdnYn7A',NULL,NULL,'2025-06-24 14:58:23','2025-06-24 14:58:23'),(2,'cesar','c.a.mendez79@gmail.com',NULL,'$2y$12$5cPntybfzbcapo7TFPTIUuJNlFDwBNGo0TG2TK6VuH9RZNtf34YTe',NULL,NULL,NULL,NULL,NULL,NULL,'2025-06-24 23:05:24','2025-06-24 23:05:24'),(3,'alarcón jorge','jorgealarcon762@gmail.com',NULL,'$2y$12$qMCjJDCkHJURR6iXcpBPX.458xLGd5zfkU3gj1w1xwxW.el6uMt52',NULL,NULL,NULL,NULL,NULL,NULL,'2025-07-09 22:14:30','2025-07-09 22:14:30'),(4,'cesar web','cesarmendez.web@gmail.com',NULL,'$2y$12$nF5/oF/aDLVXpEPN0.hrI.ne6RXJC1ahI4qpprfybS84KGgSkWe3G',NULL,NULL,NULL,NULL,NULL,NULL,'2025-07-09 23:20:00','2025-07-09 23:20:00'),(5,'matias alberto giménez','matigime151182@gmail.com',NULL,'$2y$12$saqe1LW3Nb7lTttaUIXwHuUlqwhdbdYoqIsbvNYDUhSc1qNxwmd8e',NULL,NULL,NULL,NULL,NULL,NULL,'2025-07-10 13:38:19','2025-07-10 13:38:19'),(6,'matias luque','luquematias81@gmail.com',NULL,'$2y$12$An2WUE/FIgm9hoMFw7yxp.IpSxUoI7nr15wUFH.GjHsCvx1.KR.se',NULL,NULL,NULL,NULL,NULL,NULL,'2025-07-10 14:39:35','2025-07-10 14:39:35'),(7,'raúl alcides aguirre','raulaguirre215@gmail.com',NULL,'$2y$12$.v4KYGKsYj1DZbjU60DwpOfZjp5FGI69x0y5uU3GHR9pDzA32QIiq',NULL,NULL,NULL,NULL,NULL,NULL,'2025-07-19 23:38:02','2025-07-19 23:38:02'),(8,'freddy aguirre','freddyaguirre04021978@gmail.com',NULL,'$2y$12$4Gwp4dB.xLEk4bGCXUJ2he8x2R8nd2yVaW80hS5b/kh1mj5ttdxsq',NULL,NULL,NULL,NULL,NULL,NULL,'2025-07-19 23:52:52','2025-07-19 23:52:52'),(9,'rafael matias comisario','rafmatcom@gmail.com',NULL,'$2y$12$0P7D2tYObJzbeOwnLVFXxOPrIDXrMG39ryHVhK/sN8kBpoo4v75ze',NULL,NULL,NULL,NULL,NULL,NULL,'2025-07-20 00:21:30','2025-07-20 00:21:30'),(10,'juan carlos acuña','acunajuancarlos@gmail.com',NULL,'$2y$12$1WeHB/ruBAFuKU/h0SUwnO1jRpsKWYtahaB/OWk6Pokd8uoaGr4Ey',NULL,NULL,NULL,NULL,NULL,NULL,'2025-07-25 02:11:24','2025-07-25 02:11:24'),(11,'hector villanueva','ernevillanueva27@gmail.com',NULL,'$2y$12$Cpa6577MyDMmsOjfWH8WeOiGoHQ6DpQ.ggZzSLZSPfboGsXXbcsoO',NULL,NULL,NULL,NULL,NULL,NULL,'2025-07-30 13:56:45','2025-07-30 13:56:45'),(12,'pedro ruiz diaz','ruizpedrodiaz@icloud.com',NULL,'$2y$12$LWtfyYiD2BtcefNm4BaCMOeToHuXZ7qa8Po7WdOwIyZf157pkcFB.',NULL,NULL,NULL,NULL,NULL,NULL,'2025-08-03 00:13:57','2025-08-03 00:13:57'),(13,'acevey julio ricardo','julioacevey1@gmail.com',NULL,'$2y$12$O31WzvZn8iL4r/sb3sMFL.hMUY9gJR8.1QQHS7BuIoKxGQ6gfP746',NULL,NULL,NULL,NULL,NULL,NULL,'2025-08-08 14:18:33','2025-08-08 14:18:33'),(14,'solis leandro esteban','leaasolis.89@gmail.com',NULL,'$2y$12$twMkL8OwkA5EWPc3Fzg3HeIsRKCBUEJAnXZ1VzlenG35INI/i03ve',NULL,NULL,NULL,NULL,NULL,NULL,'2025-08-08 17:01:45','2025-08-08 17:01:45'),(15,'Diego ','diegodrs25880@gmail.com',NULL,'$2y$12$nHgNg6Smu2cRsBUwVckuoO4jSf8x8E1DrCDJnxDEFVn.BknDv6/8u',NULL,NULL,NULL,NULL,NULL,NULL,'2025-08-22 22:55:25','2025-08-22 22:55:25'),(16,'Ariel Prado','arielrprado76@gmail.com',NULL,'$2y$12$pbzdd2cLGwj.LLEif5tvDOFB8vEff1mK6bmcGTZkMuoGgRPtHTUEy',NULL,NULL,NULL,NULL,NULL,NULL,'2025-08-28 20:32:27','2025-08-28 20:32:27');
/*!40000 ALTER TABLE `users` ENABLE KEYS */;
UNLOCK TABLES;
/*!50112 SET @disable_bulk_load = IF (@is_rocksdb_supported, 'SET SESSION rocksdb_bulk_load = @old_rocksdb_bulk_load', 'SET @dummy_rocksdb_bulk_load = 0') */;
/*!50112 PREPARE s FROM @disable_bulk_load */;
/*!50112 EXECUTE s */;
/*!50112 DEALLOCATE PREPARE s */;
/*!40103 SET TIME_ZONE=@OLD_TIME_ZONE */;

/*!40101 SET SQL_MODE=@OLD_SQL_MODE */;
/*!40014 SET FOREIGN_KEY_CHECKS=@OLD_FOREIGN_KEY_CHECKS */;
/*!40014 SET UNIQUE_CHECKS=@OLD_UNIQUE_CHECKS */;
/*!40101 SET CHARACTER_SET_CLIENT=@OLD_CHARACTER_SET_CLIENT */;
/*!40101 SET CHARACTER_SET_RESULTS=@OLD_CHARACTER_SET_RESULTS */;
/*!40101 SET COLLATION_CONNECTION=@OLD_COLLATION_CONNECTION */;
/*!40111 SET SQL_NOTES=@OLD_SQL_NOTES */;

-- Dump completed on 2025-09-08 14:35:30
